t,y1,y2
0.00000,0.0,0.0
0.00025,0.4,14.1
0.00050,1.0,20.0
0.00075,1.8,24.4
0.00100,2.8,28.1
0.00125,3.9,31.4
0.00150,5.2,34.3
0.00175,6.5,36.8
0.00200,7.9,39.2
0.00225,9.5,41.4
0.00250,11.1,43.3
0.00275,12.7,45.1
0.00300,14.5,46.8
0.00325,16.3,48.3
0.00350,18.1,49.7
0.00375,20.1,51.0
0.00400,22.0,52.1
0.00425,24.0,53.1
0.00450,26.1,54.0
0.00475,28.2,54.8
0.00500,30.3,55.5
0.00525,32.5,56.1
0.00550,34.7,56.6
0.00575,36.9,56.9
0.00600,39.1,57.2
0.00625,41.4,57.3
0.00650,43.6,57.4
0.00675,45.9,57.4
0.00700,48.2,57.2
0.00725,50.5,57.0
0.00750,52.8,56.7
0.00775,55.1,56.3
0.00800,57.4,55.7
0.00825,59.7,55.1
0.00850,62.0,54.4
0.00875,64.2,53.6
0.00900,66.5,52.7
0.00925,68.7,51.8
0.00950,70.9,50.7
0.00975,73.1,49.6
0.01000,75.3,48.3
0.01025,77.4,47.0
0.01050,79.5,45.6
0.01075,81.6,44.1
0.01100,83.6,42.6
0.01125,85.6,40.9
0.01150,87.5,39.2
0.01175,89.5,37.4
0.01200,91.3,35.5
0.01225,93.1,33.6
0.01250,94.9,31.5
0.01275,96.6,29.4
0.01300,98.3,27.3
0.01325,99.9,25.1
0.01350,101.4,22.8
0.01375,102.9,20.4
0.01400,104.3,18.0
0.01425,105.6,15.5
0.01450,106.9,13.0
0.01475,108.1,10.4
0.01500,109.3,7.7
0.01525,110.3,5.1
0.01550,111.3,2.3
0.01575,112.2,-0.5
0.01600,113.1,-3.3
0.01625,113.9,-6.2
0.01650,114.5,-9.1
0.01675,115.1,-12.0
0.01700,115.6,-15.0
0.01725,116.1,-18.0
0.01750,116.4,-21.1
0.01775,116.7,-24.2
0.01800,116.9,-27.3
0.01825,116.9,-30.4
0.01850,116.9,-33.5
0.01875,116.9,-36.7
0.01900,116.7,-39.9
0.01925,116.4,-43.0
0.01950,116.0,-46.2
0.01975,115.6,-49.4
0.02000,115.0,-52.6
0.02025,114.4,-55.8
0.02050,113.6,-59.0
0.02075,112.8,-62.2
0.02100,111.9,-65.4
0.02125,110.9,-68.6
0.02150,109.8,-71.8
0.02175,108.6,-74.9
0.02200,107.3,-78.1
0.02225,105.9,-81.2
0.02250,104.4,-84.3
0.02275,102.8,-87.3
0.02300,101.2,-90.4
0.02325,99.4,-93.4
0.02350,97.6,-96.4
0.02375,95.6,-99.3
0.02400,93.6,-102.2
0.02425,91.5,-105.0
0.02450,89.3,-107.8
0.02475,87.0,-110.6
0.02500,84.6,-113.3
0.02525,82.2,-116.0
0.02550,79.7,-118.6
0.02575,77.0,-121.1
0.02600,74.3,-123.6
0.02625,71.6,-126.0
0.02650,68.7,-128.4
0.02675,65.8,-130.7
0.02700,62.8,-132.9
0.02725,59.7,-135.0
0.02750,56.6,-137.1
0.02775,53.4,-139.1
0.02800,50.1,-141.0
0.02825,46.8,-142.9
0.02850,43.4,-144.6
0.02875,40.0,-146.3
0.02900,36.4,-147.9
0.02925,32.9,-149.4
0.02950,29.3,-150.8
0.02975,25.6,-152.1
0.03000,21.9,-153.4
0.03025,18.1,-154.5
0.03050,14.3,-155.6
0.03075,10.4,-156.5
0.03100,6.5,-157.3
0.03125,2.6,-158.1
0.03150,-1.3,-158.7
0.03175,-5.3,-159.3
0.03200,-9.3,-159.7
0.03225,-13.4,-160.1
0.03250,-17.4,-160.3
0.03275,-21.5,-160.4
0.03300,-25.6,-160.4
0.03325,-29.7,-160.4
0.03350,-33.9,-160.2
0.03375,-38.0,-159.9
0.03400,-42.1,-159.4
0.03425,-46.3,-158.9
0.03450,-50.4,-158.3
0.03475,-54.6,-157.6
0.03500,-58.7,-156.7
0.03525,-62.8,-155.7
0.03550,-66.9,-154.7
0.03575,-71.0,-153.5
0.03600,-75.1,-152.2
0.03625,-79.2,-150.8
0.03650,-83.2,-149.3
0.03675,-87.2,-147.6
0.03700,-91.2,-145.9
0.03725,-95.1,-144.1
0.03750,-99.0,-142.1
0.03775,-102.9,-140.1
0.03800,-106.7,-137.9
0.03825,-110.5,-135.6
0.03850,-114.2,-133.3
0.03875,-117.9,-130.8
0.03900,-121.5,-128.2
0.03925,-125.0,-125.5
0.03950,-128.6,-122.8
0.03975,-132.0,-119.9
0.04000,-135.4,-116.9
0.04025,-138.7,-113.9
0.04050,-141.9,-110.7
0.04075,-145.1,-107.4
0.04100,-148.2,-104.1
0.04125,-151.2,-100.7
0.04150,-154.1,-97.2
0.04175,-157.0,-93.6
0.04200,-159.8,-89.9
0.04225,-162.4,-86.1
0.04250,-165.0,-82.3
0.04275,-167.5,-78.3
0.04300,-169.9,-74.3
0.04325,-172.2,-70.3
0.04350,-174.4,-66.1
0.04375,-176.5,-61.9
0.04400,-178.5,-57.7
0.04425,-180.4,-53.3
0.04450,-182.2,-48.9
0.04475,-183.9,-44.5
0.04500,-185.5,-40.0
0.04525,-186.9,-35.4
0.04550,-188.3,-30.8
0.04575,-189.5,-26.2
0.04600,-190.6,-21.5
0.04625,-191.6,-16.8
0.04650,-192.5,-12.0
0.04675,-193.3,-7.2
0.04700,-193.9,-2.4
0.04725,-194.4,2.5
0.04750,-194.8,7.3
0.04775,-195.1,12.2
0.04800,-195.2,17.1
0.04825,-195.2,22.1
0.04850,-195.1,27.0
0.04875,-194.9,32.0
0.04900,-194.5,36.9
0.04925,-194.0,41.9
0.04950,-193.4,46.8
0.04975,-192.7,51.8
0.05000,-191.8,56.7
0.05025,-190.8,61.7
0.05050,-189.7,66.6
0.05075,-188.4,71.5
0.05100,-187.0,76.3
0.05125,-185.5,81.2
0.05150,-183.9,86.0
0.05175,-182.1,90.8
0.05200,-180.2,95.6
0.05225,-178.2,100.3
0.05250,-176.0,104.9
0.05275,-173.8,109.6
0.05300,-171.4,114.2
0.05325,-168.9,118.7
0.05350,-166.2,123.2
0.05375,-163.5,127.6
0.05400,-160.6,131.9
0.05425,-157.6,136.2
0.05450,-154.5,140.4
0.05475,-151.3,144.6
0.05500,-148.0,148.7
0.05525,-144.6,152.7
0.05550,-141.0,156.6
0.05575,-137.4,160.4
0.05600,-133.6,164.2
0.05625,-129.8,167.8
0.05650,-125.8,171.4
0.05675,-121.7,174.9
0.05700,-117.6,178.2
0.05725,-113.3,181.5
0.05750,-109.0,184.7
0.05775,-104.6,187.8
0.05800,-100.1,190.7
0.05825,-95.5,193.6
0.05850,-90.8,196.4
0.05875,-86.1,199.0
0.05900,-81.2,201.5
0.05925,-76.3,203.9
0.05950,-71.4,206.2
0.05975,-66.3,208.3
0.06000,-61.2,210.4
0.06025,-56.1,212.3
0.06050,-50.8,214.0
0.06075,-45.6,215.7
0.06100,-40.2,217.2
0.06125,-34.9,218.6
0.06150,-29.5,219.8
0.06175,-24.0,221.0
0.06200,-18.5,221.9
0.06225,-13.0,222.8
0.06250,-7.4,223.5
0.06275,-1.8,224.0
0.06300,3.8,224.5
0.06325,9.4,224.7
0.06350,15.0,224.9
0.06375,20.7,224.9
0.06400,26.4,224.7
0.06425,32.0,224.4
0.06450,37.7,224.0
0.06475,43.4,223.4
0.06500,49.1,222.7
0.06525,54.7,221.8
0.06550,60.4,220.8
0.06575,66.0,219.7
0.06600,71.6,218.3
0.06625,77.2,216.9
0.06650,82.7,215.3
0.06675,88.2,213.6
0.06700,93.7,211.7
0.06725,99.2,209.7
0.06750,104.6,207.5
0.06775,109.9,205.2
0.06800,115.2,202.8
0.06825,120.5,200.2
0.06850,125.7,197.5
0.06875,130.8,194.6
0.06900,135.9,191.7
0.06925,140.9,188.5
0.06950,145.8,185.3
0.06975,150.7,181.9
0.07000,155.5,178.4
0.07025,160.2,174.8
0.07050,164.8,171.0
0.07075,169.3,167.1
0.07100,173.7,163.1
0.07125,178.1,159.0
0.07150,182.3,154.8
0.07175,186.4,150.5
0.07200,190.5,146.0
0.07225,194.4,141.4
0.07250,198.2,136.8
0.07275,201.9,132.0
0.07300,205.5,127.1
0.07325,209.0,122.2
0.07350,212.3,117.1
0.07375,215.6,111.9
0.07400,218.7,106.7
0.07425,221.6,101.4
0.07450,224.5,96.0
0.07475,227.2,90.5
0.07500,229.8,84.9
0.07525,232.2,79.3
0.07550,234.5,73.6
0.07575,236.7,67.8
0.07600,238.7,62.0
0.07625,240.5,56.1
0.07650,242.3,50.1
0.07675,243.8,44.1
0.07700,245.3,38.1
0.07725,246.5,32.0
0.07750,247.7,25.8
0.07775,248.6,19.7
0.07800,249.4,13.5
0.07825,250.1,7.3
0.07850,250.6,1.0
0.07875,250.9,-5.3
0.07900,251.1,-11.6
0.07925,251.2,-17.9
0.07950,251.0,-24.2
0.07975,250.7,-30.5
0.08000,250.3,-36.8
0.08025,249.7,-43.1
0.08050,248.9,-49.4
0.08075,248.0,-55.7
0.08100,246.9,-62.0
0.08125,245.6,-68.3
0.08150,244.2,-74.5
0.08175,242.7,-80.7
0.08200,240.9,-86.9
0.08225,239.1,-93.0
0.08250,237.0,-99.1
0.08275,234.8,-105.2
0.08300,232.5,-111.2
0.08325,230.0,-117.1
0.08350,227.3,-123.0
0.08375,224.5,-128.8
0.08400,221.5,-134.6
0.08425,218.4,-140.3
0.08450,215.2,-146.0
0.08475,211.8,-151.5
0.08500,208.2,-157.0
0.08525,204.5,-162.4
0.08550,200.7,-167.7
0.08575,196.7,-172.9
0.08600,192.6,-178.0
0.08625,188.4,-183.1
0.08650,184.0,-188.0
0.08675,179.5,-192.8
0.08700,174.9,-197.5
0.08725,170.2,-202.1
0.08750,165.3,-206.6
0.08775,160.3,-211.0
0.08800,155.2,-215.2
0.08825,150.0,-219.3
0.08850,144.7,-223.3
0.08875,139.2,-227.2
0.08900,133.7,-230.9
0.08925,128.1,-234.5
0.08950,122.3,-238.0
0.08975,116.5,-241.3
0.09000,110.6,-244.5
0.09025,104.6,-247.5
0.09050,98.5,-250.4
0.09075,92.3,-253.1
0.09100,86.1,-255.7
0.09125,79.8,-258.1
0.09150,73.4,-260.4
0.09175,67.0,-262.5
0.09200,60.5,-264.5
0.09225,53.9,-266.3
0.09250,47.3,-267.9
0.09275,40.6,-269.3
0.09300,33.9,-270.6
0.09325,27.2,-271.8
0.09350,20.4,-272.7
0.09375,13.6,-273.5
0.09400,6.8,-274.1
0.09425,-0.1,-274.6
0.09450,-6.9,-274.9
0.09475,-13.8,-275.0
0.09500,-20.7,-274.9
0.09525,-27.6,-274.7
0.09550,-34.5,-274.2
0.09575,-41.4,-273.7
0.09600,-48.3,-272.9
0.09625,-55.2,-271.9
0.09650,-62.0,-270.8
0.09675,-68.9,-269.5
0.09700,-75.7,-268.1
0.09725,-82.5,-266.5
0.09750,-89.2,-264.6
0.09775,-95.9,-262.7
0.09800,-102.6,-260.5
0.09825,-109.2,-258.2
0.09850,-115.8,-255.7
0.09875,-122.3,-253.1
0.09900,-128.8,-250.2
0.09925,-135.1,-247.3
0.09950,-141.5,-244.1
0.09975,-147.7,-240.8
0.10000,-153.9,-237.3
0.10025,-160.0,-233.7
0.10050,-166.0,-229.9
0.10075,-171.9,-226.0
0.10100,-177.7,-221.9
0.10125,-183.4,-217.6
0.10150,-189.0,-213.2
0.10175,-194.5,-208.7
0.10200,-199.9,-204.0
0.10225,-205.2,-199.2
0.10250,-210.4,-194.3
0.10275,-215.4,-189.2
0.10300,-220.4,-184.0
0.10325,-225.2,-178.6
0.10350,-229.8,-173.1
0.10375,-234.4,-167.5
0.10400,-238.8,-161.8
0.10425,-243.0,-156.0
0.10450,-247.2,-150.0
0.10475,-251.1,-144.0
0.10500,-255.0,-137.8
0.10525,-258.6,-131.6
0.10550,-262.2,-125.2
0.10575,-265.5,-118.8
0.10600,-268.7,-112.2
0.10625,-271.8,-105.6
0.10650,-274.6,-98.9
0.10675,-277.3,-92.1
0.10700,-279.9,-85.2
0.10725,-282.3,-78.3
0.10750,-284.5,-71.3
0.10775,-286.5,-64.2
0.10800,-288.3,-57.1
0.10825,-290.0,-50.0
0.10850,-291.5,-42.7
0.10875,-292.8,-35.5
0.10900,-293.9,-28.2
0.10925,-294.9,-20.8
0.10950,-295.7,-13.5
0.10975,-296.2,-6.1
0.11000,-296.6,1.3
0.11025,-296.9,8.7
0.11050,-296.9,16.2
0.11075,-296.7,23.6
0.11100,-296.4,31.1
0.11125,-295.8,38.5
0.11150,-295.1,45.9
0.11175,-294.2,53.4
0.11200,-293.1,60.8
0.11225,-291.8,68.1
0.11250,-290.3,75.5
0.11275,-288.7,82.8
0.11300,-286.8,90.1
0.11325,-284.8,97.4
0.11350,-282.6,104.6
0.11375,-280.2,111.7
0.11400,-277.6,118.8
0.11425,-274.9,125.9
0.11450,-271.9,132.8
0.11475,-268.8,139.8
0.11500,-265.5,146.6
0.11525,-262.1,153.4
0.11550,-258.4,160.0
0.11575,-254.6,166.6
0.11600,-250.7,173.1
0.11625,-246.5,179.5
0.11650,-242.2,185.8
0.11675,-237.7,192.0
0.11700,-233.1,198.1
0.11725,-228.3,204.1
0.11750,-223.4,210.0
0.11775,-218.3,215.7
0.11800,-213.1,221.3
0.11825,-207.7,226.8
0.11850,-202.2,232.2
0.11875,-196.5,237.4
0.11900,-190.7,242.5
0.11925,-184.8,247.5
0.11950,-178.7,252.3
0.11975,-172.6,257.0
0.12000,-166.3,261.5
0.12025,-159.8,265.8
0.12050,-153.3,270.0
0.12075,-146.6,274.0
0.12100,-139.9,277.9
0.12125,-133.0,281.6
0.12150,-126.1,285.1
0.12175,-119.0,288.5
0.12200,-111.9,291.7
0.12225,-104.7,294.7
0.12250,-97.4,297.5
0.12275,-90.0,300.2
0.12300,-82.6,302.6
0.12325,-75.1,304.9
0.12350,-67.5,307.0
0.12375,-59.8,308.9
0.12400,-52.2,310.6
0.12425,-44.4,312.1
0.12450,-36.6,313.5
0.12475,-28.8,314.6
0.12500,-21.0,315.5
0.12525,-13.1,316.3
0.12550,-5.2,316.8
0.12575,2.7,317.2
0.12600,10.7,317.3
0.12625,18.6,317.3
0.12650,26.6,317.0
0.12675,34.5,316.6
0.12700,42.5,315.9
0.12725,50.4,315.1
0.12750,58.3,314.0
0.12775,66.2,312.8
0.12800,74.1,311.3
0.12825,81.9,309.7
0.12850,89.7,307.8
0.12875,97.5,305.8
0.12900,105.2,303.5
0.12925,112.9,301.1
0.12950,120.5,298.5
0.12975,128.0,295.7
0.13000,135.5,292.6
0.13025,142.9,289.4
0.13050,150.2,286.1
0.13075,157.5,282.5
0.13100,164.7,278.7
0.13125,171.7,274.8
0.13150,178.7,270.7
0.13175,185.6,266.4
0.13200,192.4,261.9
0.13225,199.1,257.2
0.13250,205.6,252.4
0.13275,212.1,247.4
0.13300,218.4,242.3
0.13325,224.6,237.0
0.13350,230.7,231.5
0.13375,236.6,225.9
0.13400,242.4,220.1
0.13425,248.1,214.2
0.13450,253.6,208.1
0.13475,258.9,201.9
0.13500,264.2,195.5
0.13525,269.2,189.0
0.13550,274.1,182.4
0.13575,278.8,175.7
0.13600,283.4,168.8
0.13625,287.8,161.8
0.13650,292.0,154.7
0.13675,296.1,147.5
0.13700,299.9,140.2
0.13725,303.6,132.7
0.13750,307.1,125.2
0.13775,310.4,117.6
0.13800,313.6,109.9
0.13825,316.5,102.1
0.13850,319.2,94.3
0.13875,321.8,86.3
0.13900,324.1,78.3
0.13925,326.3,70.3
0.13950,328.2,62.2
0.13975,330.0,54.0
0.14000,331.5,45.8
0.14025,332.9,37.5
0.14050,334.0,29.2
0.14075,334.9,20.8
0.14100,335.6,12.5
0.14125,336.1,4.1
0.14150,336.4,-4.3
0.14175,336.5,-12.7
0.14200,336.4,-21.2
0.14225,336.0,-29.6
0.14250,335.5,-38.0
0.14275,334.7,-46.4
0.14300,333.8,-54.8
0.14325,332.6,-63.2
0.14350,331.2,-71.6
0.14375,329.6,-79.9
0.14400,327.8,-88.2
0.14425,325.7,-96.4
0.14450,323.5,-104.6
0.14475,321.1,-112.8
0.14500,318.4,-120.9
0.14525,315.6,-128.9
0.14550,312.5,-136.9
0.14575,309.3,-144.8
0.14600,305.8,-152.6
0.14625,302.2,-160.3
0.14650,298.3,-168.0
0.14675,294.3,-175.5
0.14700,290.0,-183.0
0.14725,285.6,-190.3
0.14750,281.0,-197.6
0.14775,276.2,-204.7
0.14800,271.2,-211.7
0.14825,266.1,-218.6
0.14850,260.7,-225.4
0.14875,255.2,-232.1
0.14900,249.6,-238.6
0.14925,243.7,-244.9
0.14950,237.7,-251.2
0.14975,231.6,-257.2
0.15000,225.3,-263.2
0.15025,218.8,-268.9
0.15050,212.2,-274.5
0.15075,205.4,-280.0
0.15100,198.5,-285.3
0.15125,191.5,-290.4
0.15150,184.3,-295.3
0.15175,177.0,-300.1
0.15200,169.6,-304.7
0.15225,162.1,-309.1
0.15250,154.4,-313.3
0.15275,146.7,-317.3
0.15300,138.8,-321.1
0.15325,130.8,-324.8
0.15350,122.8,-328.2
0.15375,114.6,-331.5
0.15400,106.4,-334.5
0.15425,98.1,-337.3
0.15450,89.7,-339.9
0.15475,81.2,-342.3
0.15500,72.7,-344.5
0.15525,64.1,-346.5
0.15550,55.5,-348.3
0.15575,46.8,-349.9
0.15600,38.1,-351.2
0.15625,29.3,-352.3
0.15650,20.5,-353.2
0.15675,11.7,-353.9
0.15700,2.8,-354.4
0.15725,-6.0,-354.6
0.15750,-14.9,-354.7
0.15775,-23.8,-354.4
0.15800,-32.7,-354.0
0.15825,-41.5,-353.4
0.15850,-50.4,-352.5
0.15875,-59.3,-351.4
0.15900,-68.1,-350.1
0.15925,-76.9,-348.6
0.15950,-85.6,-346.8
0.15975,-94.3,-344.8
0.16000,-103.0,-342.6
0.16025,-111.6,-340.2
0.16050,-120.2,-337.6
0.16075,-128.7,-334.7
0.16100,-137.1,-331.7
0.16125,-145.5,-328.4
0.16150,-153.8,-324.9
0.16175,-162.0,-321.2
0.16200,-170.1,-317.3
0.16225,-178.1,-313.2
0.16250,-186.0,-308.9
0.16275,-193.8,-304.4
0.16300,-201.5,-299.7
0.16325,-209.1,-294.7
0.16350,-216.6,-289.6
0.16375,-223.9,-284.4
0.16400,-231.1,-278.9
0.16425,-238.2,-273.2
0.16450,-245.2,-267.4
0.16475,-252.0,-261.4
0.16500,-258.6,-255.2
0.16525,-265.1,-248.8
0.16550,-271.4,-242.3
0.16575,-277.6,-235.6
0.16600,-283.6,-228.8
0.16625,-289.5,-221.8
0.16650,-295.2,-214.7
0.16675,-300.7,-207.4
0.16700,-306.0,-199.9
0.16725,-311.1,-192.4
0.16750,-316.1,-184.7
0.16775,-320.8,-176.8
0.16800,-325.4,-168.9
0.16825,-329.8,-160.8
0.16850,-333.9,-152.6
0.16875,-337.9,-144.4
0.16900,-341.6,-136.0
0.16925,-345.2,-127.5
0.16950,-348.5,-118.9
0.16975,-351.6,-110.2
0.17000,-354.5,-101.5
0.17025,-357.2,-92.6
0.17050,-359.7,-83.8
0.17075,-361.9,-74.8
0.17100,-364.0,-65.8
0.17125,-365.8,-56.7
0.17150,-367.3,-47.6
0.17175,-368.7,-38.4
0.17200,-369.8,-29.2
0.17225,-370.7,-19.9
0.17250,-371.3,-10.7
0.17275,-371.7,-1.4
0.17300,-371.9,7.9
0.17325,-371.9,17.2
0.17350,-371.6,26.5
0.17375,-371.1,35.8
0.17400,-370.4,45.1
0.17425,-369.4,54.4
0.17450,-368.2,63.7
0.17475,-366.7,72.9
0.17500,-365.0,82.1
0.17525,-363.1,91.3
0.17550,-361.0,100.4
0.17575,-358.6,109.5
0.17600,-356.0,118.5
0.17625,-353.2,127.4
0.17650,-350.2,136.3
0.17675,-346.9,145.1
0.17700,-343.4,153.9
0.17725,-339.7,162.5
0.17750,-335.8,171.1
0.17775,-331.6,179.5
0.17800,-327.2,187.9
0.17825,-322.7,196.2
0.17850,-317.9,204.3
0.17875,-312.9,212.3
0.17900,-307.7,220.3
0.17925,-302.3,228.0
0.17950,-296.7,235.7
0.17975,-291.0,243.2
0.18000,-285.0,250.6
0.18025,-278.8,257.8
0.18050,-272.5,264.9
0.18075,-266.0,271.8
0.18100,-259.3,278.5
0.18125,-252.4,285.1
0.18150,-245.4,291.6
0.18175,-238.1,297.8
0.18200,-230.8,303.9
0.18225,-223.3,309.8
0.18250,-215.6,315.5
0.18275,-207.8,321.0
0.18300,-199.8,326.3
0.18325,-191.8,331.4
0.18350,-183.5,336.3
0.18375,-175.2,341.0
0.18400,-166.7,345.5
0.18425,-158.1,349.8
0.18450,-149.5,353.9
0.18475,-140.7,357.8
0.18500,-131.8,361.4
0.18525,-122.8,364.9
0.18550,-113.7,368.1
0.18575,-104.5,371.0
0.18600,-95.3,373.8
0.18625,-86.0,376.3
0.18650,-76.6,378.6
0.18675,-67.1,380.6
0.18700,-57.6,382.5
0.18725,-48.1,384.0
0.18750,-38.5,385.4
0.18775,-28.9,386.5
0.18800,-19.2,387.3
0.18825,-9.5,388.0
0.18850,0.2,388.3
0.18875,9.9,388.5
0.18900,19.6,388.3
0.18925,29.3,388.0
0.18950,39.0,387.4
0.18975,48.7,386.6
0.19000,58.4,385.5
0.19025,68.1,384.1
0.19050,77.7,382.6
0.19075,87.3,380.8
0.19100,96.9,378.7
0.19125,106.4,376.4
0.19150,115.8,373.9
0.19175,125.2,371.1
0.19200,134.6,368.1
0.19225,143.8,364.9
0.19250,153.0,361.4
0.19275,162.1,357.7
0.19300,171.1,353.7
0.19325,180.0,349.6
0.19350,188.8,345.2
0.19375,197.5,340.6
0.19400,206.1,335.8
0.19425,214.5,330.7
0.19450,222.9,325.5
0.19475,231.1,320.0
0.19500,239.2,314.3
0.19525,247.1,308.4
0.19550,254.9,302.4
0.19575,262.6,296.1
0.19600,270.0,289.6
0.19625,277.4,283.0
0.19650,284.5,276.1
0.19675,291.5,269.1
0.19700,298.4,261.9
0.19725,305.0,254.5
0.19750,311.5,246.9
0.19775,317.8,239.2
0.19800,323.8,231.4
0.19825,329.7,223.3
0.19850,335.4,215.2
0.19875,340.9,206.8
0.19900,346.2,198.4
0.19925,351.3,189.8
0.19950,356.1,181.1
0.19975,360.8,172.2
0.20000,365.2,163.2
0.20025,369.4,154.1
0.20050,373.3,145.0
0.20075,377.1,135.7
0.20100,380.6,126.3
0.20125,383.9,116.8
0.20150,386.9,107.2
0.20175,389.7,97.6
0.20200,392.3,87.9
0.20225,394.6,78.1
0.20250,396.7,68.2
0.20275,398.5,58.3
0.20300,400.1,48.4
0.20325,401.4,38.4
0.20350,402.5,28.4
0.20375,403.3,18.3
0.20400,403.9,8.2
0.20425,404.2,-1.9
0.20450,404.3,-12.0
0.20475,404.1,-22.1
0.20500,403.7,-32.2
0.20525,403.0,-42.3
0.20550,402.1,-52.4
0.20575,400.9,-62.5
0.20600,399.4,-72.5
0.20625,397.7,-82.5
0.20650,395.8,-92.5
0.20675,393.6,-102.4
0.20700,391.1,-112.3
0.20725,388.4,-122.1
0.20750,385.5,-131.9
0.20775,382.3,-141.6
0.20800,378.9,-151.2
0.20825,375.2,-160.7
0.20850,371.3,-170.1
0.20875,367.1,-179.5
0.20900,362.8,-188.7
0.20925,358.1,-197.8
0.20950,353.3,-206.8
0.20975,348.2,-215.7
0.21000,342.9,-224.5
0.21025,337.4,-233.1
0.21050,331.7,-241.6
0.21075,325.7,-250.0
0.21100,319.6,-258.2
0.21125,313.2,-266.3
0.21150,306.6,-274.2
0.21175,299.8,-281.9
0.21200,292.9,-289.5
0.21225,285.7,-296.9
0.21250,278.4,-304.2
0.21275,270.8,-311.2
0.21300,263.1,-318.1
0.21325,255.2,-324.7
0.21350,247.2,-331.2
0.21375,239.0,-337.5
0.21400,230.6,-343.5
0.21425,222.1,-349.4
0.21450,213.4,-355.1
0.21475,204.6,-360.5
0.21500,195.6,-365.7
0.21525,186.5,-370.7
0.21550,177.3,-375.5
0.21575,167.9,-380.0
0.21600,158.5,-384.3
0.21625,148.9,-388.4
0.21650,139.2,-392.2
0.21675,129.5,-395.8
0.21700,119.6,-399.1
0.21725,109.7,-402.2
0.21750,99.6,-405.1
0.21775,89.5,-407.7
0.21800,79.3,-410.0
0.21825,69.1,-412.1
0.21850,58.8,-413.9
0.21875,48.5,-415.5
0.21900,38.1,-416.8
0.21925,27.7,-417.9
0.21950,17.2,-418.7
0.21975,6.8,-419.2
0.22000,-3.7,-419.5
0.22025,-14.2,-419.5
0.22050,-24.7,-419.3
0.22075,-35.2,-418.8
0.22100,-45.7,-418.0
0.22125,-56.1,-417.0
0.22150,-66.6,-415.7
0.22175,-77.0,-414.1
0.22200,-87.4,-412.3
0.22225,-97.7,-410.2
0.22250,-108.0,-407.8
0.22275,-118.2,-405.2
0.22300,-128.4,-402.4
0.22325,-138.5,-399.3
0.22350,-148.5,-395.9
0.22375,-158.4,-392.3
0.22400,-168.3,-388.4
0.22425,-178.0,-384.3
0.22450,-187.7,-380.0
0.22475,-197.3,-375.4
0.22500,-206.7,-370.5
0.22525,-216.0,-365.4
0.22550,-225.2,-360.1
0.22575,-234.3,-354.6
0.22600,-243.2,-348.8
0.22625,-252.0,-342.8
0.22650,-260.6,-336.6
0.22675,-269.1,-330.1
0.22700,-277.4,-323.5
0.22725,-285.6,-316.6
0.22750,-293.5,-309.6
0.22775,-301.4,-302.3
0.22800,-309.0,-294.8
0.22825,-316.4,-287.2
0.22850,-323.7,-279.3
0.22875,-330.8,-271.3
0.22900,-337.6,-263.1
0.22925,-344.3,-254.7
0.22950,-350.7,-246.1
0.22975,-357.0,-237.4
0.23000,-363.0,-228.6
0.23025,-368.8,-219.5
0.23050,-374.4,-210.4
0.23075,-379.7,-201.0
0.23100,-384.8,-191.6
0.23125,-389.7,-182.0
0.23150,-394.3,-172.3
0.23175,-398.7,-162.5
0.23200,-402.9,-152.5
0.23225,-406.8,-142.5
0.23250,-410.5,-132.4
0.23275,-413.9,-122.1
0.23300,-417.0,-111.8
0.23325,-419.9,-101.4
0.23350,-422.5,-90.9
0.23375,-424.9,-80.4
0.23400,-427.0,-69.8
0.23425,-428.8,-59.1
0.23450,-430.4,-48.4
0.23475,-431.7,-37.6
0.23500,-432.8,-26.8
0.23525,-433.5,-16.0
0.23550,-434.0,-5.2
0.23575,-434.2,5.7
0.23600,-434.2,16.5
0.23625,-433.9,27.4
0.23650,-433.3,38.3
0.23675,-432.4,49.1
0.23700,-431.3,59.9
0.23725,-429.9,70.7
0.23750,-428.2,81.5
0.23775,-426.3,92.2
0.23800,-424.0,102.9
0.23825,-421.6,113.5
0.23850,-418.8,124.1
0.23875,-415.8,134.6
0.23900,-412.5,145.0
0.23925,-409.0,155.4
0.23950,-405.2,165.6
0.23975,-401.1,175.8
0.24000,-396.8,185.9
0.24025,-392.2,195.8
0.24050,-387.4,205.7
0.24075,-382.4,215.4
0.24100,-377.0,225.0
0.24125,-371.5,234.5
0.24150,-365.7,243.8
0.24175,-359.7,253.0
0.24200,-353.4,262.1
0.24225,-346.9,271.0
0.24250,-340.2,279.7
0.24275,-333.3,288.3
0.24300,-326.2,296.7
0.24325,-318.8,304.9
0.24350,-311.3,312.9
0.24375,-303.5,320.8
0.24400,-295.5,328.4
0.24425,-287.4,335.9
0.24450,-279.0,343.1
0.24475,-270.5,350.2
0.24500,-261.8,357.0
0.24525,-252.9,363.6
0.24550,-243.9,370.0
0.24575,-234.7,376.2
0.24600,-225.3,382.1
0.24625,-215.8,387.9
0.24650,-206.1,393.3
0.24675,-196.3,398.6
0.24700,-186.4,403.5
0.24725,-176.4,408.3
0.24750,-166.2,412.8
0.24775,-155.9,417.0
0.24800,-145.5,421.0
0.24825,-135.0,424.7
0.24850,-124.4,428.2
0.24875,-113.7,431.4
0.24900,-102.9,434.3
0.24925,-92.1,436.9
0.24950,-81.2,439.3
0.24975,-70.2,441.4
0.25000,-59.2,443.3
0.25025,-48.1,444.8
0.25050,-37.0,446.1
0.25075,-25.8,447.1
0.25100,-14.7,447.9
0.25125,-3.5,448.3
0.25150,7.7,448.5
0.25175,19.0,448.4
0.25200,30.2,448.0
0.25225,41.4,447.3
0.25250,52.6,446.4
0.25275,63.8,445.1
0.25300,74.9,443.6
0.25325,86.0,441.8
0.25350,97.1,439.7
0.25375,108.1,437.4
0.25400,119.0,434.8
0.25425,129.9,431.9
0.25450,140.8,428.7
0.25475,151.5,425.3
0.25500,162.2,421.5
0.25525,172.7,417.6
0.25550,183.2,413.3
0.25575,193.6,408.8
0.25600,203.8,404.0
0.25625,214.0,399.0
0.25650,224.0,393.7
0.25675,233.9,388.2
0.25700,243.6,382.4
0.25725,253.2,376.4
0.25750,262.7,370.1
0.25775,272.0,363.6
0.25800,281.1,356.9
0.25825,290.1,349.9
0.25850,298.9,342.7
0.25875,307.5,335.3
0.25900,316.0,327.7
0.25925,324.2,319.8
0.25950,332.3,311.8
0.25975,340.1,303.5
0.26000,347.8,295.0
0.26025,355.2,286.4
0.26050,362.4,277.6
0.26075,369.4,268.5
0.26100,376.2,259.3
0.26125,382.8,250.0
0.26150,389.1,240.4
0.26175,395.2,230.8
0.26200,401.0,220.9
0.26225,406.6,210.9
0.26250,411.9,200.8
0.26275,417.0,190.5
0.26300,421.9,180.1
0.26325,426.4,169.6
0.26350,430.7,159.0
0.26375,434.8,148.2
0.26400,438.6,137.4
0.26425,442.1,126.4
0.26450,445.3,115.4
0.26475,448.3,104.3
0.26500,450.9,93.1
0.26525,453.3,81.8
0.26550,455.4,70.5
0.26575,457.3,59.1
0.26600,458.8,47.7
0.26625,460.1,36.2
0.26650,461.1,24.7
0.26675,461.8,13.2
0.26700,462.2,1.6
0.26725,462.3,-9.9
0.26750,462.1,-21.5
0.26775,461.6,-33.0
0.26800,460.9,-44.6
0.26825,459.8,-56.1
0.26850,458.5,-67.6
0.26875,456.9,-79.1
0.26900,455.0,-90.6
0.26925,452.8,-101.9
0.26950,450.3,-113.3
0.26975,447.5,-124.6
0.27000,444.5,-135.8
0.27025,441.2,-146.9
0.27050,437.5,-158.0
0.27075,433.7,-168.9
0.27100,429.5,-179.8
0.27125,425.1,-190.6
0.27150,420.4,-201.2
0.27175,415.4,-211.8
0.27200,410.2,-222.2
0.27225,404.7,-232.5
0.27250,398.9,-242.6
0.27275,392.9,-252.6
0.27300,386.6,-262.5
0.27325,380.1,-272.2
0.27350,373.4,-281.8
0.27375,366.4,-291.1
0.27400,359.2,-300.3
0.27425,351.7,-309.4
0.27450,344.0,-318.2
0.27475,336.1,-326.9
0.27500,328.0,-335.3
0.27525,319.6,-343.6
0.27550,311.1,-351.6
0.27575,302.3,-359.4
0.27600,293.4,-367.0
0.27625,284.3,-374.4
0.27650,274.9,-381.6
0.27675,265.4,-388.5
0.27700,255.7,-395.2
0.27725,245.9,-401.7
0.27750,235.9,-407.9
0.27775,225.7,-413.8
0.27800,215.4,-419.5
0.27825,204.9,-425.0
0.27850,194.3,-430.2
0.27875,183.6,-435.1
0.27900,172.7,-439.7
0.27925,161.8,-444.1
0.27950,150.7,-448.2
0.27975,139.5,-452.0
0.28000,128.2,-455.6
0.28025,116.8,-458.9
0.28050,105.4,-461.8
0.28075,93.8,-464.5
0.28100,82.2,-466.9
0.28125,70.6,-469.1
0.28150,58.9,-470.9
0.28175,47.1,-472.4
0.28200,35.3,-473.7
0.28225,23.4,-474.6
0.28250,11.6,-475.3
0.28275,-0.3,-475.6
0.28300,-12.2,-475.7
0.28325,-24.1,-475.4
0.28350,-36.0,-474.9
0.28375,-47.9,-474.0
0.28400,-59.7,-472.9
0.28425,-71.6,-471.5
0.28450,-83.4,-469.7
0.28475,-95.1,-467.7
0.28500,-106.8,-465.4
0.28525,-118.5,-462.8
0.28550,-130.1,-459.9
0.28575,-141.6,-456.7
0.28600,-153.0,-453.2
0.28625,-164.4,-449.4
0.28650,-175.6,-445.4
0.28675,-186.8,-441.0
0.28700,-197.9,-436.4
0.28725,-208.8,-431.5
0.28750,-219.6,-426.3
0.28775,-230.3,-420.9
0.28800,-240.9,-415.2
0.28825,-251.3,-409.2
0.28850,-261.5,-403.0
0.28875,-271.6,-396.5
0.28900,-281.6,-389.8
0.28925,-291.4,-382.8
0.28950,-301.0,-375.5
0.28975,-310.4,-368.0
0.29000,-319.6,-360.3
0.29025,-328.7,-352.4
0.29050,-337.5,-344.2
0.29075,-346.2,-335.8
0.29100,-354.6,-327.2
0.29125,-362.9,-318.3
0.29150,-370.9,-309.3
0.29175,-378.6,-300.1
0.29200,-386.2,-290.6
0.29225,-393.5,-281.0
0.29250,-400.6,-271.2
0.29275,-407.4,-261.2
0.29300,-414.0,-251.0
0.29325,-420.3,-240.7
0.29350,-426.4,-230.2
0.29375,-432.2,-219.6
0.29400,-437.7,-208.8
0.29425,-443.0,-197.9
0.29450,-448.0,-186.8
0.29475,-452.7,-175.7
0.29500,-457.2,-164.4
0.29525,-461.3,-152.9
0.29550,-465.2,-141.4
0.29575,-468.8,-129.8
0.29600,-472.1,-118.1
0.29625,-475.1,-106.3
0.29650,-477.8,-94.4
0.29675,-480.2,-82.5
0.29700,-482.3,-70.5
0.29725,-484.1,-58.4
0.29750,-485.6,-46.3
0.29775,-486.9,-34.2
0.29800,-487.8,-22.0
0.29825,-488.4,-9.8
0.29850,-488.7,2.4
0.29875,-488.7,14.6
0.29900,-488.3,26.8
0.29925,-487.7,39.0
0.29950,-486.8,51.2
0.29975,-485.6,63.4
0.30000,-484.0,75.6
0.30025,-482.2,87.7
0.30050,-480.1,99.7
0.30075,-477.6,111.8
0.30100,-474.9,123.7
0.30125,-471.8,135.6
0.30150,-468.5,147.4
0.30175,-464.8,159.1
0.30200,-460.9,170.8
0.30225,-456.7,182.3
0.30250,-452.2,193.8
0.30275,-447.4,205.1
0.30300,-442.3,216.3
0.30325,-436.9,227.4
0.30350,-431.3,238.3
0.30375,-425.4,249.1
0.30400,-419.2,259.8
0.30425,-412.7,270.3
0.30450,-406.0,280.7
0.30475,-399.0,290.8
0.30500,-391.8,300.9
0.30525,-384.3,310.7
0.30550,-376.6,320.3
0.30575,-368.6,329.8
0.30600,-360.4,339.0
0.30625,-351.9,348.1
0.30650,-343.3,356.9
0.30675,-334.4,365.5
0.30700,-325.3,373.9
0.30725,-315.9,382.1
0.30750,-306.4,390.0
0.30775,-296.7,397.7
0.30800,-286.8,405.2
0.30825,-276.7,412.4
0.30850,-266.4,419.3
0.30875,-255.9,426.0
0.30900,-245.3,432.5
0.30925,-234.5,438.6
0.30950,-223.5,444.6
0.30975,-212.4,450.2
0.31000,-201.2,455.5
0.31025,-189.8,460.6
0.31050,-178.3,465.4
0.31075,-166.7,469.9
0.31100,-155.0,474.1
0.31125,-143.1,478.0
0.31150,-131.2,481.7
0.31175,-119.2,485.0
0.31200,-107.0,488.0
0.31225,-94.8,490.7
0.31250,-82.6,493.1
0.31275,-70.3,495.2
0.31300,-57.9,497.0
0.31325,-45.5,498.5
0.31350,-33.0,499.7
0.31375,-20.5,500.6
0.31400,-8.0,501.1
0.31425,4.5,501.4
0.31450,17.1,501.3
0.31475,29.6,500.9
0.31500,42.2,500.2
0.31525,54.7,499.2
0.31550,67.2,497.9
0.31575,79.6,496.2
0.31600,92.0,494.3
0.31625,104.4,492.0
0.31650,116.7,489.5
0.31675,129.0,486.6
0.31700,141.1,483.4
0.31725,153.2,479.9
0.31750,165.3,476.1
0.31775,177.2,472.0
0.31800,189.0,467.6
0.31825,200.7,462.9
0.31850,212.3,458.0
0.31875,223.8,452.7
0.31900,235.1,447.1
0.31925,246.3,441.3
0.31950,257.4,435.2
0.31975,268.3,428.8
0.32000,279.0,422.1
0.32025,289.6,415.1
0.32050,300.0,407.9
0.32075,310.2,400.5
0.32100,320.2,392.7
0.32125,330.1,384.8
0.32150,339.7,376.5
0.32175,349.2,368.1
0.32200,358.4,359.4
0.32225,367.4,350.4
0.32250,376.2,341.3
0.32275,384.8,331.9
0.32300,393.1,322.3
0.32325,401.2,312.5
0.32350,409.0,302.5
0.32375,416.6,292.3
0.32400,424.0,281.9
0.32425,431.1,271.3
0.32450,437.9,260.5
0.32475,444.4,249.6
0.32500,450.7,238.5
0.32525,456.7,227.2
0.32550,462.4,215.8
0.32575,467.8,204.3
0.32600,473.0,192.6
0.32625,477.8,180.8
0.32650,482.4,168.9
0.32675,486.6,156.8
0.32700,490.6,144.6
0.32725,494.2,132.4
0.32750,497.6,120.0
0.32775,500.6,107.6
0.32800,503.3,95.1
0.32825,505.8,82.5
0.32850,507.9,69.9
0.32875,509.6,57.2
0.32900,511.1,44.4
0.32925,512.2,31.7
0.32950,513.1,18.9
0.32975,513.6,6.0
0.33000,513.8,-6.8
0.33025,513.6,-19.7
0.33050,513.2,-32.5
0.33075,512.4,-45.4
0.33100,511.3,-58.2
0.33125,509.9,-71.0
0.33150,508.1,-83.7
0.33175,506.1,-96.4
0.33200,503.7,-109.1
0.33225,501.0,-121.7
0.33250,498.0,-134.2
0.33275,494.7,-146.7
0.33300,491.0,-159.1
0.33325,487.1,-171.4
0.33350,482.8,-183.5
0.33375,478.3,-195.6
0.33400,473.4,-207.6
0.33425,468.2,-219.5
0.33450,462.8,-231.2
0.33475,457.0,-242.8
0.33500,451.0,-254.2
0.33525,444.6,-265.5
0.33550,438.0,-276.6
0.33575,431.1,-287.6
0.33600,424.0,-298.4
0.33625,416.5,-309.0
0.33650,408.8,-319.5
0.33675,400.9,-329.7
0.33700,392.7,-339.7
0.33725,384.2,-349.6
0.33750,375.5,-359.2
0.33775,366.5,-368.6
0.33800,357.3,-377.8
0.33825,347.9,-386.8
0.33850,338.2,-395.5
0.33875,328.4,-404.0
0.33900,318.3,-412.2
0.33925,308.0,-420.2
0.33950,297.5,-427.9
0.33975,286.8,-435.4
0.34000,275.9,-442.6
0.34025,264.9,-449.5
0.34050,253.7,-456.1
0.34075,242.3,-462.5
0.34100,230.7,-468.6
0.34125,219.0,-474.4
0.34150,207.2,-479.9
0.34175,195.2,-485.1
0.34200,183.0,-490.0
0.34225,170.8,-494.6
0.34250,158.4,-498.9
0.34275,146.0,-502.9
0.34300,133.4,-506.6
0.34325,120.8,-509.9
0.34350,108.0,-513.0
0.34375,95.2,-515.7
0.34400,82.3,-518.1
0.34425,69.3,-520.2
0.34450,56.3,-521.9
0.34475,43.3,-523.4
0.34500,30.2,-524.5
0.34525,17.1,-525.3
0.34550,4.0,-525.7
0.34575,-9.2,-525.8
0.34600,-22.3,-525.6
0.34625,-35.5,-525.1
0.34650,-48.6,-524.2
0.34675,-61.7,-523.1
0.34700,-74.8,-521.5
0.34725,-87.9,-519.7
0.34750,-100.9,-517.5
0.34775,-113.8,-515.0
0.34800,-126.7,-512.2
0.34825,-139.5,-509.1
0.34850,-152.2,-505.6
0.34875,-164.9,-501.8
0.34900,-177.4,-497.7
0.34925,-189.9,-493.3
0.34950,-202.2,-488.6
0.34975,-214.5,-483.5
0.35000,-226.6,-478.2
0.35025,-238.5,-472.5
0.35050,-250.4,-466.6
0.35075,-262.0,-460.4
0.35100,-273.6,-453.8
0.35125,-284.9,-447.0
0.35150,-296.1,-439.9
0.35175,-307.1,-432.5
0.35200,-318.0,-424.9
0.35225,-328.6,-416.9
0.35250,-339.0,-408.7
0.35275,-349.3,-400.3
0.35300,-359.3,-391.5
0.35325,-369.1,-382.6
0.35350,-378.7,-373.4
0.35375,-388.0,-363.9
0.35400,-397.2,-354.2
0.35425,-406.0,-344.3
0.35450,-414.7,-334.2
0.35475,-423.0,-323.8
0.35500,-431.1,-313.2
0.35525,-439.0,-302.5
0.35550,-446.6,-291.5
0.35575,-453.9,-280.3
0.35600,-460.9,-269.0
0.35625,-467.6,-257.5
0.35650,-474.1,-245.8
0.35675,-480.3,-234.0
0.35700,-486.1,-222.0
0.35725,-491.7,-209.8
0.35750,-497.0,-197.5
0.35775,-501.9,-185.1
0.35800,-506.6,-172.6
0.35825,-510.9,-159.9
0.35850,-514.9,-147.1
0.35875,-518.6,-134.3
0.35900,-522.0,-121.3
0.35925,-525.1,-108.2
0.35950,-527.8,-95.1
0.35975,-530.2,-81.9
0.36000,-532.2,-68.7
0.36025,-534.0,-55.4
0.36050,-535.4,-42.0
0.36075,-536.5,-28.6
0.36100,-537.2,-15.2
0.36125,-537.6,-1.8
0.36150,-537.6,11.7
0.36175,-537.4,25.1
0.36200,-536.8,38.5
0.36225,-535.8,52.0
0.36250,-534.5,65.4
0.36275,-532.9,78.7
0.36300,-531.0,92.1
0.36325,-528.7,105.3
0.36350,-526.1,118.6
0.36375,-523.1,131.7
0.36400,-519.8,144.8
0.36425,-516.2,157.8
0.36450,-512.3,170.7
0.36475,-508.0,183.5
0.36500,-503.5,196.3
0.36525,-498.6,208.9
0.36550,-493.4,221.3
0.36575,-487.9,233.7
0.36600,-482.0,245.9
0.36625,-475.9,257.9
0.36650,-469.5,269.8
0.36675,-462.7,281.6
0.36700,-455.7,293.2
0.36725,-448.4,304.6
0.36750,-440.8,315.8
0.36775,-432.9,326.8
0.36800,-424.7,337.7
0.36825,-416.3,348.3
0.36850,-407.6,358.7
0.36875,-398.6,368.9
0.36900,-389.4,378.9
0.36925,-380.0,388.6
0.36950,-370.2,398.1
0.36975,-360.3,407.4
0.37000,-350.1,416.4
0.37025,-339.7,425.2
0.37050,-329.1,433.7
0.37075,-318.3,441.9
0.37100,-307.2,449.9
0.37125,-296.0,457.6
0.37150,-284.5,465.0
0.37175,-272.9,472.1
0.37200,-261.1,479.0
0.37225,-249.1,485.5
0.37250,-237.0,491.8
0.37275,-224.7,497.7
0.37300,-212.3,503.3
0.37325,-199.7,508.6
0.37350,-187.0,513.7
0.37375,-174.1,518.3
0.37400,-161.2,522.7
0.37425,-148.1,526.7
0.37450,-134.9,530.5
0.37475,-121.7,533.8
0.37500,-108.3,536.9
0.37525,-94.9,539.6
0.37550,-81.4,542.0
0.37575,-67.9,544.1
0.37600,-54.3,545.8
0.37625,-40.6,547.1
0.37650,-26.9,548.2
0.37675,-13.2,548.8
0.37700,0.5,549.2
0.37725,14.2,549.2
0.37750,28.0,548.8
0.37775,41.7,548.1
0.37800,55.4,547.1
0.37825,69.1,545.7
0.37850,82.7,544.0
0.37875,96.3,542.0
0.37900,109.9,539.6
0.37925,123.4,536.8
0.37950,136.8,533.7
0.37975,150.1,530.3
0.38000,163.4,526.6
0.38025,176.6,522.5
0.38050,189.6,518.1
0.38075,202.6,513.4
0.38100,215.4,508.3
0.38125,228.2,502.9
0.38150,240.7,497.2
0.38175,253.2,491.2
0.38200,265.5,484.9
0.38225,277.6,478.3
0.38250,289.6,471.3
0.38275,301.3,464.1
0.38300,313.0,456.6
0.38325,324.4,448.8
0.38350,335.6,440.6
0.38375,346.6,432.3
0.38400,357.4,423.6
0.38425,368.0,414.7
0.38450,378.4,405.5
0.38475,388.6,396.0
0.38500,398.5,386.3
0.38525,408.1,376.3
0.38550,417.5,366.1
0.38575,426.7,355.7
0.38600,435.6,345.0
0.38625,444.2,334.2
0.38650,452.6,323.0
0.38675,460.7,311.7
0.38700,468.5,300.2
0.38725,476.0,288.5
0.38750,483.2,276.6
0.38775,490.1,264.5
0.38800,496.7,252.3
0.38825,503.1,239.9
0.38850,509.1,227.3
0.38875,514.8,214.6
0.38900,520.1,201.7
0.38925,525.2,188.7
0.38950,529.9,175.5
0.38975,534.3,162.3
0.39000,538.3,148.9
0.39025,542.1,135.5
0.39050,545.5,121.9
0.39075,548.5,108.3
0.39100,551.2,94.6
0.39125,553.6,80.8
0.39150,555.6,66.9
0.39175,557.3,53.1
0.39200,558.6,39.1
0.39225,559.6,25.1
0.39250,560.2,11.2
0.39275,560.5,-2.9
0.39300,560.5,-16.9
0.39325,560.0,-30.9
0.39350,559.3,-44.9
0.39375,558.2,-58.9
0.39400,556.7,-72.8
0.39425,554.9,-86.8
0.39450,552.7,-100.6
0.39475,550.2,-114.4
0.39500,547.3,-128.2
0.39525,544.1,-141.9
0.39550,540.6,-155.5
0.39575,536.7,-169.0
0.39600,532.5,-182.4
0.39625,527.9,-195.8
0.39650,523.0,-209.0
0.39675,517.8,-222.0
0.39700,512.2,-235.0
0.39725,506.4,-247.8
0.39750,500.2,-260.5
0.39775,493.7,-273.0
0.39800,486.8,-285.3
0.39825,479.7,-297.5
0.39850,472.3,-309.5
0.39875,464.5,-321.3
0.39900,456.5,-332.9
0.39925,448.2,-344.3
0.39950,439.6,-355.5
0.39975,430.7,-366.5
0.40000,421.5,-377.3
0.40025,412.1,-387.8
0.40050,402.4,-398.1
0.40075,392.4,-408.2
0.40100,382.2,-418.0
0.40125,371.8,-427.6
0.40150,361.1,-436.8
0.40175,350.1,-445.9
0.40200,339.0,-454.6
0.40225,327.6,-463.1
0.40250,316.0,-471.3
0.40275,304.3,-479.2
0.40300,292.3,-486.8
0.40325,280.1,-494.1
0.40350,267.7,-501.1
0.40375,255.2,-507.8
0.40400,242.5,-514.2
0.40425,229.7,-520.2
0.40450,216.6,-526.0
0.40475,203.5,-531.4
0.40500,190.2,-536.5
0.40525,176.8,-541.2
0.40550,163.3,-545.7
0.40575,149.6,-549.7
0.40600,135.9,-553.5
0.40625,122.0,-556.9
0.40650,108.1,-559.9
0.40675,94.1,-562.6
0.40700,80.0,-565.0
0.40725,65.9,-567.0
0.40750,51.7,-568.6
0.40775,37.5,-569.9
0.40800,23.2,-570.8
0.40825,9.0,-571.4
0.40850,-5.3,-571.6
0.40875,-19.6,-571.5
0.40900,-33.9,-571.0
0.40925,-48.2,-570.2
0.40950,-62.4,-568.9
0.40975,-76.7,-567.4
0.41000,-90.8,-565.5
0.41025,-105.0,-563.2
0.41050,-119.1,-560.6
0.41075,-133.1,-557.6
0.41100,-147.0,-554.2
0.41125,-160.9,-550.6
0.41150,-174.6,-546.5
0.41175,-188.3,-542.2
0.41200,-201.9,-537.4
0.41225,-215.3,-532.4
0.41250,-228.6,-527.0
0.41275,-241.8,-521.3
0.41300,-254.8,-515.2
0.41325,-267.7,-508.9
0.41350,-280.4,-502.2
0.41375,-293.0,-495.1
0.41400,-305.4,-487.8
0.41425,-317.5,-480.2
0.41450,-329.6,-472.2
0.41475,-341.4,-464.0
0.41500,-353.0,-455.4
0.41525,-364.3,-446.6
0.41550,-375.5,-437.5
0.41575,-386.4,-428.1
0.41600,-397.1,-418.4
0.41625,-407.6,-408.5
0.41650,-417.8,-398.3
0.41675,-427.8,-387.8
0.41700,-437.5,-377.1
0.41725,-446.9,-366.2
0.41750,-456.0,-355.0
0.41775,-464.9,-343.6
0.41800,-473.5,-332.0
0.41825,-481.8,-320.1
0.41850,-489.8,-308.1
0.41875,-497.5,-295.8
0.41900,-504.9,-283.4
0.41925,-511.9,-270.8
0.41950,-518.7,-258.0
0.41975,-525.1,-245.0
0.42000,-531.3,-231.9
0.42025,-537.1,-218.6
0.42050,-542.5,-205.1
0.42075,-547.6,-191.6
0.42100,-552.4,-177.9
0.42125,-556.9,-164.1
0.42150,-560.9,-150.1
0.42175,-564.7,-136.1
0.42200,-568.1,-122.0
0.42225,-571.1,-107.8
0.42250,-573.8,-93.5
0.42275,-576.1,-79.1
0.42300,-578.1,-64.7
0.42325,-579.7,-50.3
0.42350,-581.0,-35.8
0.42375,-581.8,-21.2
0.42400,-582.4,-6.7
0.42425,-582.5,7.9
0.42450,-582.3,22.4
0.42475,-581.7,37.0
0.42500,-580.8,51.5
0.42525,-579.5,66.1
0.42550,-577.9,80.5
0.42575,-575.8,95.0
0.42600,-573.4,109.4
0.42625,-570.7,123.7
0.42650,-567.6,138.0
0.42675,-564.1,152.2
0.42700,-560.3,166.3
0.42725,-556.1,180.3
0.42750,-551.6,194.2
0.42775,-546.8,208.0
0.42800,-541.5,221.7
0.42825,-536.0,235.2
0.42850,-530.1,248.6
0.42875,-523.9,261.8
0.42900,-517.3,274.9
0.42925,-510.4,287.9
0.42950,-503.2,300.6
0.42975,-495.7,313.2
0.43000,-487.8,325.6
0.43025,-479.7,337.8
0.43050,-471.2,349.8
0.43075,-462.5,361.5
0.43100,-453.4,373.1
0.43125,-444.1,384.4
0.43150,-434.5,395.5
0.43175,-424.6,406.4
0.43200,-414.4,417.0
0.43225,-404.0,427.3
0.43250,-393.3,437.4
0.43275,-382.3,447.2
0.43300,-371.1,456.8
0.43325,-359.7,466.1
0.43350,-348.0,475.0
0.43375,-336.2,483.7
0.43400,-324.0,492.1
0.43425,-311.7,500.2
0.43450,-299.2,508.0
0.43475,-286.5,515.5
0.43500,-273.6,522.6
0.43525,-260.5,529.5
0.43550,-247.3,536.0
0.43575,-233.9,542.1
0.43600,-220.3,548.0
0.43625,-206.6,553.5
0.43650,-192.8,558.6
0.43675,-178.8,563.4
0.43700,-164.7,567.9
0.43725,-150.5,572.0
0.43750,-136.2,575.7
0.43775,-121.8,579.1
0.43800,-107.3,582.1
0.43825,-92.8,584.8
0.43850,-78.1,587.1
0.43875,-63.4,589.0
0.43900,-48.7,590.6
0.43925,-33.9,591.8
0.43950,-19.1,592.6
0.43975,-4.3,593.1
0.44000,10.5,593.2
0.44025,25.3,592.9
0.44050,40.2,592.3
0.44075,55.0,591.3
0.44100,69.8,589.9
0.44125,84.5,588.1
0.44150,99.2,586.0
0.44175,113.8,583.5
0.44200,128.4,580.6
0.44225,142.9,577.4
0.44250,157.4,573.8
0.44275,171.7,569.8
0.44300,186.0,565.5
0.44325,200.1,560.9
0.44350,214.1,555.8
0.44375,228.0,550.5
0.44400,241.8,544.7
0.44425,255.4,538.7
0.44450,268.8,532.3
0.44475,282.1,525.5
0.44500,295.3,518.5
0.44525,308.2,511.1
0.44550,321.0,503.3
0.44575,333.6,495.3
0.44600,346.0,486.9
0.44625,358.1,478.3
0.44650,370.1,469.3
0.44675,381.8,460.0
0.44700,393.3,450.5
0.44725,404.5,440.6
0.44750,415.5,430.5
0.44775,426.3,420.1
0.44800,436.8,409.4
0.44825,447.0,398.5
0.44850,456.9,387.3
0.44875,466.6,375.9
0.44900,476.0,364.2
0.44925,485.1,352.3
0.44950,493.9,340.1
0.44975,502.4,327.8
0.45000,510.5,315.2
0.45025,518.4,302.4
0.45050,525.9,289.4
0.45075,533.2,276.3
0.45100,540.1,262.9
0.45125,546.6,249.4
0.45150,552.8,235.8
0.45175,558.7,221.9
0.45200,564.2,207.9
0.45225,569.4,193.8
0.45250,574.2,179.6
0.45275,578.7,165.2
0.45300,582.8,150.7
0.45325,586.6,136.2
0.45350,589.9,121.5
0.45375,593.0,106.7
0.45400,595.6,91.9
0.45425,597.9,77.0
0.45450,599.8,62.1
0.45475,601.3,47.1
0.45500,602.5,32.0
0.45525,603.3,17.0
0.45550,603.7,1.9
0.45575,603.7,-13.2
0.45600,603.3,-28.3
0.45625,602.6,-43.4
0.45650,601.5,-58.5
0.45675,600.0,-73.5
0.45700,598.1,-88.5
0.45725,595.9,-103.5
0.45750,593.3,-118.4
0.45775,590.3,-133.2
0.45800,587.0,-147.9
0.45825,583.2,-162.6
0.45850,579.1,-177.2
0.45875,574.7,-191.7
0.45900,569.9,-206.0
0.45925,564.7,-220.3
0.45950,559.2,-234.4
0.45975,553.3,-248.3
0.46000,547.1,-262.2
0.46025,540.5,-275.8
0.46050,533.6,-289.3
0.46075,526.3,-302.7
0.46100,518.7,-315.8
0.46125,510.8,-328.8
0.46150,502.5,-341.5
0.46175,494.0,-354.1
0.46200,485.1,-366.4
0.46225,475.9,-378.5
0.46250,466.4,-390.4
0.46275,456.7,-402.1
0.46300,446.6,-413.5
0.46325,436.2,-424.6
0.46350,425.6,-435.5
0.46375,414.7,-446.1
0.46400,403.5,-456.5
0.46425,392.1,-466.6
0.46450,380.4,-476.3
0.46475,368.5,-485.8
0.46500,356.3,-495.0
0.46525,343.9,-503.9
0.46550,331.3,-512.5
0.46575,318.5,-520.7
0.46600,305.4,-528.7
0.46625,292.2,-536.3
0.46650,278.8,-543.6
0.46675,265.2,-550.5
0.46700,251.4,-557.1
0.46725,237.5,-563.4
0.46750,223.4,-569.3
0.46775,209.1,-574.9
0.46800,194.7,-580.1
0.46825,180.2,-584.9
0.46850,165.6,-589.4
0.46875,150.8,-593.5
0.46900,136.0,-597.2
0.46925,121.1,-600.6
0.46950,106.0,-603.6
0.46975,90.9,-606.2
0.47000,75.8,-608.5
0.47025,60.6,-610.4
0.47050,45.3,-611.8
0.47075,30.0,-612.9
0.47100,14.7,-613.7
0.47125,-0.7,-614.0
0.47150,-16.0,-614.0
0.47175,-31.4,-613.5
0.47200,-46.7,-612.7
0.47225,-62.0,-611.5
0.47250,-77.3,-609.9
0.47275,-92.6,-608.0
0.47300,-107.8,-605.6
0.47325,-122.9,-602.9
0.47350,-138.0,-599.8
0.47375,-153.0,-596.3
0.47400,-167.9,-592.5
0.47425,-182.7,-588.2
0.47450,-197.4,-583.6
0.47475,-212.0,-578.7
0.47500,-226.4,-573.4
0.47525,-240.7,-567.7
0.47550,-254.9,-561.6
0.47575,-269.0,-555.2
0.47600,-282.8,-548.5
0.47625,-296.5,-541.4
0.47650,-310.0,-533.9
0.47675,-323.4,-526.1
0.47700,-336.5,-518.0
0.47725,-349.5,-509.6
0.47750,-362.2,-500.8
0.47775,-374.7,-491.7
0.47800,-387.0,-482.3
0.47825,-399.0,-472.6
0.47850,-410.8,-462.6
0.47875,-422.3,-452.4
0.47900,-433.6,-441.8
0.47925,-444.7,-430.9
0.47950,-455.4,-419.8
0.47975,-465.9,-408.4
0.48000,-476.1,-396.7
0.48025,-486.0,-384.8
0.48050,-495.6,-372.6
0.48075,-504.8,-360.2
0.48100,-513.8,-347.5
0.48125,-522.5,-334.7
0.48150,-530.8,-321.6
0.48175,-538.8,-308.3
0.48200,-546.5,-294.8
0.48225,-553.9,-281.1
0.48250,-560.9,-267.3
0.48275,-567.5,-253.2
0.48300,-573.8,-239.0
0.48325,-579.8,-224.7
0.48350,-585.4,-210.2
0.48375,-590.6,-195.5
0.48400,-595.4,-180.7
0.48425,-599.9,-165.8
0.48450,-604.0,-150.8
0.48475,-607.8,-135.7
0.48500,-611.1,-120.5
0.48525,-614.1,-105.2
0.48550,-616.7,-89.9
0.48575,-618.9,-74.4
0.48600,-620.7,-59.0
0.48625,-622.2,-43.4
0.48650,-623.2,-27.9
0.48675,-623.9,-12.3
0.48700,-624.2,3.3
0.48725,-624.1,18.9
0.48750,-623.5,34.5
0.48775,-622.6,50.1
0.48800,-621.4,65.7
0.48825,-619.7,81.2
0.48850,-617.6,96.7
0.48875,-615.2,112.1
0.48900,-612.3,127.5
0.48925,-609.1,142.8
0.48950,-605.5,158.0
0.48975,-601.5,173.2
0.49000,-597.1,188.2
0.49025,-592.4,203.1
0.49050,-587.3,217.9
0.49075,-581.8,232.6
0.49100,-576.0,247.1
0.49125,-569.7,261.5
0.49150,-563.2,275.7
0.49175,-556.2,289.8
0.49200,-549.0,303.7
0.49225,-541.3,317.4
0.49250,-533.4,330.9
0.49275,-525.1,344.2
0.49300,-516.4,357.4
0.49325,-507.5,370.2
0.49350,-498.2,382.9
0.49375,-488.6,395.3
0.49400,-478.7,407.5
0.49425,-468.4,419.5
0.49450,-457.9,431.2
0.49475,-447.1,442.6
0.49500,-436.0,453.7
0.49525,-424.7,464.6
0.49550,-413.0,475.2
0.49575,-401.1,485.5
0.49600,-388.9,495.5
0.49625,-376.5,505.2
0.49650,-363.9,514.6
0.49675,-351.0,523.7
0.49700,-337.9,532.4
0.49725,-324.5,540.8
0.49750,-311.0,548.9
0.49775,-297.2,556.6
0.49800,-283.3,564.0
0.49825,-269.2,571.1
0.49850,-254.9,577.8
0.49875,-240.4,584.1
0.49900,-225.8,590.1
0.49925,-211.0,595.7
0.49950,-196.1,600.9
0.49975,-181.1,605.8
0.50000,-165.9,610.3
0.50025,-150.7,614.4
0.50050,-135.3,618.1
0.50075,-119.8,621.5
0.50100,-104.3,624.4
0.50125,-88.7,627.0
0.50150,-73.0,629.2
0.50175,-57.2,631.0
0.50200,-41.5,632.4
0.50225,-25.7,633.4
0.50250,-9.8,634.0
0.50275,6.0,634.2
0.50300,21.9,634.0
0.50325,37.7,633.4
0.50350,53.6,632.4
0.50375,69.4,631.0
0.50400,85.2,629.2
0.50425,100.9,627.1
0.50450,116.6,624.5
0.50475,132.2,621.6
0.50500,147.7,618.2
0.50525,163.1,614.5
0.50550,178.5,610.4
0.50575,193.7,605.9
0.50600,208.9,601.0
0.50625,223.9,595.7
0.50650,238.8,590.1
0.50675,253.5,584.1
0.50700,268.1,577.7
0.50725,282.5,570.9
0.50750,296.8,563.8
0.50775,310.9,556.4
0.50800,324.8,548.6
0.50825,338.5,540.4
0.50850,351.9,531.9
0.50875,365.2,523.1
0.50900,378.3,513.9
0.50925,391.1,504.4
0.50950,403.7,494.6
0.50975,416.0,484.5
0.51000,428.1,474.1
0.51025,439.9,463.3
0.51050,451.5,452.3
0.51075,462.8,441.0
0.51100,473.8,429.4
0.51125,484.5,417.5
0.51150,494.9,405.3
0.51175,505.0,392.9
0.51200,514.8,380.3
0.51225,524.2,367.4
0.51250,533.4,354.3
0.51275,542.2,340.9
0.51300,550.7,327.3
0.51325,558.8,313.5
0.51350,566.6,299.5
0.51375,574.1,285.3
0.51400,581.2,271.0
0.51425,587.9,256.4
0.51450,594.3,241.7
0.51475,600.3,226.8
0.51500,605.9,211.8
0.51525,611.2,196.6
0.51550,616.0,181.3
0.51575,620.5,165.9
0.51600,624.6,150.4
0.51625,628.4,134.8
0.51650,631.7,119.0
0.51675,634.6,103.2
0.51700,637.2,87.4
0.51725,639.3,71.4
0.51750,641.0,55.4
0.51775,642.4,39.4
0.51800,643.3,23.3
0.51825,643.9,7.3
0.51850,644.0,-8.8
0.51875,643.7,-24.9
0.51900,643.1,-41.0
0.51925,642.0,-57.1
0.51950,640.5,-73.2
0.51975,638.6,-89.2
0.52000,636.4,-105.1
0.52025,633.7,-121.0
0.52050,630.6,-136.9
0.52075,627.1,-152.6
0.52100,623.3,-168.3
0.52125,619.0,-183.9
0.52150,614.4,-199.3
0.52175,609.4,-214.7
0.52200,603.9,-229.9
0.52225,598.2,-245.0
0.52250,592.0,-259.9
0.52275,585.4,-274.7
0.52300,578.5,-289.3
0.52325,571.3,-303.8
0.52350,563.6,-318.0
0.52375,555.6,-332.1
0.52400,547.3,-346.0
0.52425,538.6,-359.6
0.52450,529.6,-373.1
0.52475,520.2,-386.3
0.52500,510.5,-399.2
0.52525,500.5,-412.0
0.52550,490.1,-424.5
0.52575,479.5,-436.7
0.52600,468.5,-448.6
0.52625,457.3,-460.3
0.52650,445.7,-471.7
0.52675,433.9,-482.8
0.52700,421.8,-493.6
0.52725,409.4,-504.2
0.52750,396.8,-514.4
0.52775,383.9,-524.2
0.52800,370.8,-533.8
0.52825,357.4,-543.0
0.52850,343.8,-551.9
0.52875,330.0,-560.5
0.52900,315.9,-568.7
0.52925,301.7,-576.5
0.52950,287.2,-584.0
0.52975,272.6,-591.2
0.53000,257.8,-597.9
0.53025,242.8,-604.3
0.53050,227.7,-610.4
0.53075,212.4,-616.0
0.53100,197.0,-621.3
0.53125,181.5,-626.2
0.53150,165.8,-630.6
0.53175,150.0,-634.7
0.53200,134.1,-638.4
0.53225,118.2,-641.7
0.53250,102.1,-644.7
0.53275,86.0,-647.2
0.53300,69.8,-649.3
0.53325,53.5,-650.9
0.53350,37.3,-652.2
0.53375,21.0,-653.1
0.53400,4.6,-653.6
0.53425,-11.7,-653.7
0.53450,-28.1,-653.3
0.53475,-44.4,-652.6
0.53500,-60.7,-651.4
0.53525,-77.0,-649.8
0.53550,-93.2,-647.8
0.53575,-109.4,-645.5
0.53600,-125.6,-642.7
0.53625,-141.6,-639.5
0.53650,-157.6,-635.9
0.53675,-173.5,-631.9
0.53700,-189.3,-627.5
0.53725,-204.9,-622.7
0.53750,-220.5,-617.6
0.53775,-235.9,-612.0
0.53800,-251.2,-606.1
0.53825,-266.3,-599.7
0.53850,-281.3,-593.0
0.53875,-296.1,-585.9
0.53900,-310.7,-578.5
0.53925,-325.2,-570.7
0.53950,-339.4,-562.5
0.53975,-353.5,-554.0
0.54000,-367.3,-545.1
0.54025,-380.9,-535.9
0.54050,-394.2,-526.3
0.54075,-407.4,-516.4
0.54100,-420.2,-506.2
0.54125,-432.9,-495.6
0.54150,-445.2,-484.7
0.54175,-457.3,-473.6
0.54200,-469.1,-462.1
0.54225,-480.6,-450.3
0.54250,-491.8,-438.3
0.54275,-502.8,-425.9
0.54300,-513.4,-413.3
0.54325,-523.7,-400.5
0.54350,-533.6,-387.3
0.54375,-543.3,-374.0
0.54400,-552.6,-360.4
0.54425,-561.5,-346.5
0.54450,-570.2,-332.4
0.54475,-578.4,-318.2
0.54500,-586.3,-303.7
0.54525,-593.9,-289.0
0.54550,-601.1,-274.1
0.54575,-607.9,-259.1
0.54600,-614.3,-243.8
0.54625,-620.3,-228.5
0.54650,-626.0,-212.9
0.54675,-631.3,-197.3
0.54700,-636.1,-181.5
0.54725,-640.6,-165.5
0.54750,-644.7,-149.5
0.54775,-648.4,-133.4
0.54800,-651.7,-117.2
0.54825,-654.5,-100.8
0.54850,-657.0,-84.5
0.54875,-659.1,-68.0
0.54900,-660.7,-51.6
0.54925,-661.9,-35.0
0.54950,-662.8,-18.5
0.54975,-663.2,-1.9
0.55000,-663.2,14.7
0.55025,-662.7,31.3
0.55050,-661.9,47.8
0.55075,-660.6,64.4
0.55100,-659.0,80.9
0.55125,-656.9,97.4
0.55150,-654.4,113.8
0.55175,-651.5,130.1
0.55200,-648.2,146.4
0.55225,-644.5,162.6
0.55250,-640.4,178.7
0.55275,-635.8,194.7
0.55300,-630.9,210.6
0.55325,-625.6,226.3
0.55350,-619.9,242.0
0.55375,-613.8,257.4
0.55400,-607.3,272.8
0.55425,-600.4,287.9
0.55450,-593.2,302.9
0.55475,-585.5,317.7
0.55500,-577.6,332.3
0.55525,-569.2,346.7
0.55550,-560.5,360.9
0.55575,-551.4,374.9
0.55600,-542.0,388.7
0.55625,-532.2,402.2
0.55650,-522.1,415.5
0.55675,-511.7,428.5
0.55700,-500.9,441.2
0.55725,-489.8,453.7
0.55750,-478.5,465.9
0.55775,-466.8,477.8
0.55800,-454.8,489.5
0.55825,-442.5,500.8
0.55850,-429.9,511.8
0.55875,-417.1,522.5
0.55900,-404.0,532.9
0.55925,-390.6,543.0
0.55950,-377.0,552.7
0.55975,-363.2,562.1
0.56000,-349.1,571.1
0.56025,-334.8,579.8
0.56050,-320.3,588.1
0.56075,-305.5,596.0
0.56100,-290.6,603.6
0.56125,-275.5,610.8
0.56150,-260.2,617.7
0.56175,-244.7,624.1
0.56200,-229.1,630.2
0.56225,-213.3,635.8
0.56250,-197.4,641.1
0.56275,-181.3,646.0
0.56300,-165.2,650.5
0.56325,-148.9,654.5
0.56350,-132.5,658.2
0.56375,-116.0,661.5
0.56400,-99.5,664.3
0.56425,-82.9,666.7
0.56450,-66.2,668.7
0.56475,-49.5,670.3
0.56500,-32.7,671.5
0.56525,-15.9,672.3
0.56550,0.9,672.6
0.56575,17.7,672.5
0.56600,34.5,672.0
0.56625,51.3,671.1
0.56650,68.1,669.7
0.56675,84.8,668.0
0.56700,101.5,665.8
0.56725,118.2,663.2
0.56750,134.7,660.2
0.56775,151.2,656.8
0.56800,167.6,652.9
0.56825,184.0,648.7
0.56850,200.2,644.0
0.56875,216.2,638.9
0.56900,232.2,633.5
0.56925,248.0,627.6
0.56950,263.7,621.3
0.56975,279.2,614.7
0.57000,294.5,607.7
0.57025,309.7,600.2
0.57050,324.7,592.4
0.57075,339.5,584.3
0.57100,354.0,575.7
0.57125,368.4,566.8
0.57150,382.5,557.6
0.57175,396.4,547.9
0.57200,410.1,538.0
0.57225,423.5,527.7
0.57250,436.7,517.0
0.57275,449.6,506.1
0.57300,462.2,494.8
0.57325,474.5,483.2
0.57350,486.5,471.3
0.57375,498.3,459.1
0.57400,509.7,446.6
0.57425,520.8,433.8
0.57450,531.6,420.7
0.57475,542.1,407.4
0.57500,552.2,393.8
0.57525,562.0,379.9
0.57550,571.4,365.8
0.57575,580.5,351.5
0.57600,589.3,337.0
0.57625,597.6,322.2
0.57650,605.6,307.2
0.57675,613.3,292.1
0.57700,620.5,276.7
0.57725,627.4,261.2
0.57750,633.8,245.5
0.57775,639.9,229.6
0.57800,645.6,213.6
0.57825,650.9,197.4
0.57850,655.7,181.1
0.57875,660.2,164.7
0.57900,664.3,148.2
0.57925,667.9,131.5
0.57950,671.1,114.8
0.57975,673.9,98.0
0.58000,676.3,81.2
0.58025,678.3,64.3
0.58050,679.8,47.3
0.58075,680.9,30.3
0.58100,681.6,13.3
0.58125,681.9,-3.8
0.58150,681.7,-20.8
0.58175,681.2,-37.9
0.58200,680.1,-54.9
0.58225,678.7,-71.9
0.58250,676.8,-88.9
0.58275,674.5,-105.8
0.58300,671.8,-122.6
0.58325,668.7,-139.4
0.58350,665.2,-156.1
0.58375,661.2,-172.7
0.58400,656.8,-189.2
0.58425,652.0,-205.6
0.58450,646.8,-221.9
0.58475,641.2,-238.1
0.58500,635.2,-254.1
0.58525,628.8,-269.9
0.58550,621.9,-285.6
0.58575,614.7,-301.2
0.58600,607.1,-316.5
0.58625,599.2,-331.6
0.58650,590.8,-346.6
0.58675,582.1,-361.3
0.58700,573.0,-375.9
0.58725,563.6,-390.1
0.58750,553.7,-404.2
0.58775,543.6,-418.0
0.58800,533.1,-431.5
0.58825,522.2,-444.8
0.58850,511.1,-457.8
0.58875,499.6,-470.6
0.58900,487.7,-483.0
0.58925,475.6,-495.2
0.58950,463.2,-507.0
0.58975,450.5,-518.5
0.59000,437.5,-529.7
0.59025,424.2,-540.6
0.59050,410.6,-551.2
0.59075,396.8,-561.4
0.59100,382.7,-571.3
0.59125,368.4,-580.8
0.59150,353.8,-589.9
0.59175,339.0,-598.7
0.59200,324.0,-607.1
0.59225,308.8,-615.2
0.59250,293.4,-622.8
0.59275,277.8,-630.1
0.59300,262.0,-637.0
0.59325,246.1,-643.5
0.59350,230.0,-649.6
0.59375,213.7,-655.2
0.59400,197.3,-660.5
0.59425,180.8,-665.4
0.59450,164.1,-669.8
0.59475,147.3,-673.9
0.59500,130.5,-677.5
0.59525,113.5,-680.7
0.59550,96.5,-683.4
0.59575,79.4,-685.8
0.59600,62.2,-687.7
0.59625,45.0,-689.2
0.59650,27.8,-690.2
0.59675,10.5,-690.9
0.59700,-6.7,-691.1
0.59725,-24.0,-690.8
0.59750,-41.3,-690.1
0.59775,-58.5,-689.0
0.59800,-75.8,-687.5
0.59825,-92.9,-685.5
0.59850,-110.1,-683.1
0.59875,-127.1,-680.3
0.59900,-144.1,-677.1
0.59925,-161.0,-673.4
0.59950,-177.9,-669.3
0.59975,-194.6,-664.8
0.60000,-211.2,-659.9
0.60025,-227.7,-654.5
0.60050,-244.0,-648.7
0.60075,-260.2,-642.6
0.60100,-276.2,-636.0
0.60125,-292.1,-629.0
0.60150,-307.8,-621.7
0.60175,-323.3,-613.9
0.60200,-338.6,-605.8
0.60225,-353.7,-597.2
0.60250,-368.6,-588.3
0.60275,-383.3,-579.0
0.60300,-397.7,-569.4
0.60325,-411.9,-559.4
0.60350,-425.9,-549.0
0.60375,-439.6,-538.3
0.60400,-453.0,-527.3
0.60425,-466.1,-515.9
0.60450,-479.0,-504.2
0.60475,-491.5,-492.2
0.60500,-503.8,-479.8
0.60525,-515.7,-467.2
0.60550,-527.3,-454.2
0.60575,-538.6,-441.0
0.60600,-549.6,-427.5
0.60625,-560.2,-413.7
0.60650,-570.5,-399.6
0.60675,-580.4,-385.3
0.60700,-590.0,-370.8
0.60725,-599.2,-356.0
0.60750,-608.1,-341.0
0.60775,-616.5,-325.7
0.60800,-624.6,-310.3
0.60825,-632.3,-294.6
0.60850,-639.6,-278.8
0.60875,-646.5,-262.8
0.60900,-653.0,-246.6
0.60925,-659.1,-230.2
0.60950,-664.8,-213.7
0.60975,-670.0,-197.1
0.61000,-674.9,-180.3
0.61025,-679.3,-163.4
0.61050,-683.3,-146.4
0.61075,-686.9,-129.3
0.61100,-690.1,-112.1
0.61125,-692.8,-94.8
0.61150,-695.1,-77.5
0.61175,-697.0,-60.1
0.61200,-698.4,-42.7
0.61225,-699.4,-25.2
0.61250,-700.0,-7.7
0.61275,-700.1,9.8
0.61300,-699.8,27.3
0.61325,-699.0,44.8
0.61350,-697.8,62.2
0.61375,-696.2,79.7
0.61400,-694.1,97.1
0.61425,-691.6,114.4
0.61450,-688.7,131.7
0.61475,-685.3,148.9
0.61500,-681.5,166.0
0.61525,-677.3,183.0
0.61550,-672.6,199.9
0.61575,-667.6,216.7
0.61600,-662.1,233.4
0.61625,-656.1,249.9
0.61650,-649.8,266.3
0.61675,-643.1,282.5
0.61700,-636.0,298.6
0.61725,-628.4,314.4
0.61750,-620.5,330.1
0.61775,-612.2,345.6
0.61800,-603.5,360.9
0.61825,-594.4,375.9
0.61850,-584.9,390.7
0.61875,-575.1,405.3
0.61900,-564.9,419.7
0.61925,-554.3,433.7
0.61950,-543.4,447.5
0.61975,-532.2,461.1
0.62000,-520.6,474.3
0.62025,-508.7,487.3
0.62050,-496.4,500.0
0.62075,-483.9,512.3
0.62100,-471.0,524.4
0.62125,-457.8,536.1
0.62150,-444.4,547.5
0.62175,-430.7,558.5
0.62200,-416.6,569.2
0.62225,-402.4,579.6
0.62250,-387.8,589.6
0.62275,-373.0,599.2
0.62300,-358.0,608.5
0.62325,-342.8,617.3
0.62350,-327.3,625.8
0.62375,-311.6,634.0
0.62400,-295.7,641.7
0.62425,-279.6,649.0
0.62450,-263.4,655.9
0.62475,-247.0,662.4
0.62500,-230.4,668.5
0.62525,-213.6,674.2
0.62550,-196.8,679.5
0.62575,-179.7,684.3
0.62600,-162.6,688.7
0.62625,-145.4,692.7
0.62650,-128.0,696.3
0.62675,-110.6,699.4
0.62700,-93.1,702.1
0.62725,-75.5,704.3
0.62750,-57.9,706.1
0.62775,-40.3,707.5
0.62800,-22.6,708.4
0.62825,-4.9,708.9
0.62850,12.9,709.0
0.62875,30.6,708.6
0.62900,48.3,707.7
0.62925,66.0,706.4
0.62950,83.6,704.7
0.62975,101.3,702.5
0.63000,118.8,699.9
0.63025,136.3,696.9
0.63050,153.7,693.4
0.63075,171.0,689.5
0.63100,188.2,685.1
0.63125,205.3,680.3
0.63150,222.3,675.1
0.63175,239.2,669.5
0.63200,255.9,663.4
0.63225,272.5,656.9
0.63250,288.9,650.1
0.63275,305.1,642.8
0.63300,321.1,635.1
0.63325,336.9,627.0
0.63350,352.6,618.5
0.63375,368.0,609.6
0.63400,383.2,600.3
0.63425,398.2,590.6
0.63450,412.9,580.6
0.63475,427.4,570.2
0.63500,441.6,559.5
0.63525,455.5,548.4
0.63550,469.2,536.9
0.63575,482.5,525.1
0.63600,495.6,513.0
0.63625,508.4,500.6
0.63650,520.8,487.8
0.63675,533.0,474.7
0.63700,544.8,461.3
0.63725,556.2,447.7
0.63750,567.4,433.7
0.63775,578.1,419.5
0.63800,588.6,405.0
0.63825,598.6,390.2
0.63850,608.3,375.2
0.63875,617.6,359.9
0.63900,626.5,344.4
0.63925,635.1,328.7
0.63950,643.2,312.8
0.63975,651.0,296.7
0.64000,658.3,280.4
0.64025,665.3,263.9
0.64050,671.8,247.2
0.64075,677.9,230.4
0.64100,683.6,213.4
0.64125,688.8,196.3
0.64150,693.6,179.1
0.64175,698.0,161.7
0.64200,702.0,144.2
0.64225,705.5,126.7
0.64250,708.6,109.0
0.64275,711.2,91.3
0.64300,713.4,73.5
0.64325,715.2,55.6
0.64350,716.5,37.8
0.64375,717.4,19.8
0.64400,717.8,1.9
0.64425,717.7,-16.0
0.64450,717.2,-34.0
0.64475,716.3,-51.9
0.64500,714.9,-69.8
0.64525,713.1,-87.7
0.64550,710.8,-105.5
0.64575,708.1,-123.3
0.64600,704.9,-141.0
0.64625,701.3,-158.6
0.64650,697.3,-176.1
0.64675,692.8,-193.5
0.64700,687.9,-210.8
0.64725,682.5,-228.0
0.64750,676.7,-245.0
0.64775,670.5,-261.9
0.64800,663.9,-278.6
0.64825,656.9,-295.2
0.64850,649.4,-311.6
0.64875,641.5,-327.8
0.64900,633.3,-343.8
0.64925,624.6,-359.6
0.64950,615.5,-375.1
0.64975,606.1,-390.5
0.65000,596.2,-405.6
0.65025,586.0,-420.4
0.65050,575.4,-435.1
0.65075,564.5,-449.4
0.65100,553.2,-463.4
0.65125,541.5,-477.2
0.65150,529.5,-490.7
0.65175,517.2,-503.9
0.65200,504.5,-516.8
0.65225,491.6,-529.3
0.65250,478.3,-541.5
0.65275,464.7,-553.4
0.65300,450.8,-565.0
0.65325,436.6,-576.2
0.65350,422.1,-587.0
0.65375,407.4,-597.5
0.65400,392.4,-607.6
0.65425,377.2,-617.4
0.65450,361.7,-626.7
0.65475,346.0,-635.7
0.65500,330.1,-644.3
0.65525,313.9,-652.4
0.65550,297.6,-660.2
0.65575,281.0,-667.6
0.65600,264.3,-674.5
0.65625,247.4,-681.0
0.65650,230.3,-687.1
0.65675,213.1,-692.8
0.65700,195.8,-698.0
0.65725,178.3,-702.9
0.65750,160.7,-707.2
0.65775,143.0,-711.2
0.65800,125.2,-714.6
0.65825,107.3,-717.7
0.65850,89.4,-720.3
0.65875,71.4,-722.4
0.65900,53.3,-724.1
0.65925,35.2,-725.4
0.65950,17.0,-726.2
0.65975,-1.1,-726.5
0.66000,-19.3,-726.4
0.66025,-37.5,-725.8
0.66050,-55.6,-724.8
0.66075,-73.7,-723.3
0.66100,-91.8,-721.4
0.66125,-109.8,-719.0
0.66150,-127.8,-716.2
0.66175,-145.7,-712.9
0.66200,-163.5,-709.1
0.66225,-181.2,-705.0
0.66250,-198.8,-700.3
0.66275,-216.3,-695.3
0.66300,-233.6,-689.8
0.66325,-250.8,-683.9
0.66350,-267.9,-677.5
0.66375,-284.8,-670.7
0.66400,-301.5,-663.5
0.66425,-318.1,-655.9
0.66450,-334.5,-647.9
0.66475,-350.6,-639.4
0.66500,-366.6,-630.6
0.66525,-382.3,-621.3
0.66550,-397.8,-611.7
0.66575,-413.0,-601.7
0.66600,-428.0,-591.3
0.66625,-442.7,-580.5
0.66650,-457.2,-569.4
0.66675,-471.4,-557.9
0.66700,-485.3,-546.0
0.66725,-498.8,-533.8
0.66750,-512.1,-521.3
0.66775,-525.1,-508.4
0.66800,-537.7,-495.2
0.66825,-550.1,-481.7
0.66850,-562.0,-467.9
0.66875,-573.7,-453.8
0.66900,-584.9,-439.4
0.66925,-595.8,-424.7
0.66950,-606.4,-409.7
0.66975,-616.6,-394.5
0.67000,-626.3,-379.1
0.67025,-635.7,-363.4
0.67050,-644.7,-347.4
0.67075,-653.4,-331.3
0.67100,-661.6,-314.9
0.67125,-669.3,-298.3
0.67150,-676.7,-281.5
0.67175,-683.7,-264.6
0.67200,-690.2,-247.4
0.67225,-696.3,-230.2
0.67250,-702.0,-212.7
0.67275,-707.2,-195.1
0.67300,-712.0,-177.4
0.67325,-716.3,-159.6
0.67350,-720.2,-141.7
0.67375,-723.7,-123.7
0.67400,-726.7,-105.6
0.67425,-729.2,-87.4
0.67450,-731.3,-69.1
0.67475,-733.0,-50.8
0.67500,-734.1,-32.5
0.67525,-734.8,-14.1
0.67550,-735.1,4.2
0.67575,-734.9,22.6
0.67600,-734.2,41.0
0.67625,-733.1,59.3
0.67650,-731.6,77.7
0.67675,-729.5,95.9
0.67700,-727.0,114.2
0.67725,-724.1,132.3
0.67750,-720.7,150.4
0.67775,-716.8,168.4
0.67800,-712.5,186.3
0.67825,-707.8,204.1
0.67850,-702.6,221.8
0.67875,-696.9,239.3
0.67900,-690.9,256.7
0.67925,-684.4,273.9
0.67950,-677.4,291.0
0.67975,-670.1,307.9
0.68000,-662.3,324.6
0.68025,-654.1,341.1
0.68050,-645.5,357.5
0.68075,-636.4,373.6
0.68100,-627.0,389.4
0.68125,-617.2,405.0
0.68150,-607.0,420.4
0.68175,-596.4,435.5
0.68200,-585.4,450.4
0.68225,-574.1,465.0
0.68250,-562.4,479.3
0.68275,-550.3,493.3
0.68300,-537.9,507.0
0.68325,-525.2,520.3
0.68350,-512.1,533.4
0.68375,-498.7,546.1
0.68400,-485.0,558.5
0.68425,-471.0,570.6
0.68450,-456.6,582.3
0.68475,-442.0,593.6
0.68500,-427.1,604.6
0.68525,-412.0,615.2
0.68550,-396.5,625.4
0.68575,-380.8,635.3
0.68600,-364.9,644.7
0.68625,-348.7,653.7
0.68650,-332.3,662.4
0.68675,-315.7,670.6
0.68700,-298.9,678.4
0.68725,-281.9,685.8
0.68750,-264.7,692.8
0.68775,-247.4,699.3
0.68800,-229.9,705.4
0.68825,-212.2,711.0
0.68850,-194.4,716.2
0.68875,-176.5,721.0
0.68900,-158.4,725.3
0.68925,-140.3,729.2
0.68950,-122.0,732.6
0.68975,-103.7,735.6
0.69000,-85.3,738.1
0.69025,-66.8,740.1
0.69050,-48.3,741.7
0.69075,-29.8,742.8
0.69100,-11.2,743.4
0.69125,7.4,743.6
0.69150,26.0,743.3
0.69175,44.6,742.6
0.69200,63.1,741.4
0.69225,81.7,739.7
0.69250,100.1,737.5
0.69275,118.6,734.9
0.69300,136.9,731.9
0.69325,155.2,728.4
0.69350,173.4,724.4
0.69375,191.5,720.0
0.69400,209.5,715.1
0.69425,227.3,709.7
0.69450,245.0,704.0
0.69475,262.6,697.7
0.69500,280.0,691.1
0.69525,297.3,684.0
0.69550,314.3,676.5
0.69575,331.2,668.5
0.69600,347.9,660.1
0.69625,364.3,651.4
0.69650,380.6,642.2
0.69675,396.6,632.6
0.69700,412.3,622.6
0.69725,427.8,612.2
0.69750,443.1,601.4
0.69775,458.1,590.2
0.69800,472.8,578.7
0.69825,487.2,566.8
0.69850,501.3,554.6
0.69875,515.1,542.0
0.69900,528.5,529.0
0.69925,541.7,515.7
0.69950,554.5,502.1
0.69975,567.0,488.2
0.70000,579.1,473.9
0.70025,590.9,459.4
0.70050,602.3,444.6
0.70075,613.3,429.4
0.70100,624.0,414.0
0.70125,634.3,398.4
0.70150,644.1,382.5
0.70175,653.6,366.3
0.70200,662.7,349.9
0.70225,671.3,333.3
0.70250,679.6,316.5
0.70275,687.4,299.5
0.70300,694.8,282.2
0.70325,701.8,264.8
0.70350,708.3,247.2
0.70375,714.4,229.5
0.70400,720.0,211.6
0.70425,725.2,193.6
0.70450,730.0,175.4
0.70475,734.2,157.1
0.70500,738.1,138.8
0.70525,741.4,120.3
0.70550,744.3,101.7
0.70575,746.8,83.1
0.70600,748.8,64.4
0.70625,750.3,45.7
0.70650,751.3,26.9
0.70675,751.9,8.1
0.70700,752.0,-10.7
0.70725,751.6,-29.5
0.70750,750.8,-48.2
0.70775,749.5,-67.0
0.70800,747.7,-85.7
0.70825,745.5,-104.4
0.70850,742.7,-123.0
0.70875,739.6,-141.6
0.70900,735.9,-160.1
0.70925,731.8,-178.4
0.70950,727.3,-196.7
0.70975,722.2,-214.9
0.71000,716.8,-232.9
0.71025,710.8,-250.8
0.71050,704.5,-268.5
0.71075,697.7,-286.1
0.71100,690.4,-303.5
0.71125,682.7,-320.7
0.71150,674.6,-337.8
0.71175,666.1,-354.6
0.71200,657.1,-371.2
0.71225,647.8,-387.6
0.71250,638.0,-403.7
0.71275,627.8,-419.6
0.71300,617.2,-435.2
0.71325,606.3,-450.6
0.71350,594.9,-465.7
0.71375,583.2,-480.5
0.71400,571.1,-495.0
0.71425,558.6,-509.2
0.71450,545.8,-523.1
0.71475,532.7,-536.7
0.71500,519.2,-550.0
0.71525,505.4,-562.9
0.71550,491.2,-575.4
0.71575,476.8,-587.6
0.71600,462.0,-599.5
0.71625,447.0,-610.9
0.71650,431.6,-622.0
0.71675,416.0,-632.7
0.71700,400.1,-643.0
0.71725,384.0,-652.9
0.71750,367.6,-662.5
0.71775,351.0,-671.6
0.71800,334.2,-680.2
0.71825,317.1,-688.5
0.71850,299.9,-696.3
0.71875,282.4,-703.7
0.71900,264.8,-710.7
0.71925,247.0,-717.2
0.71950,229.0,-723.3
0.71975,210.9,-728.9
0.72000,192.6,-734.1
0.72025,174.3,-738.8
0.72050,155.8,-743.1
0.72075,137.2,-746.9
0.72100,118.5,-750.2
0.72125,99.7,-753.0
0.72150,80.9,-755.4
0.72175,62.0,-757.3
0.72200,43.0,-758.8
0.72225,24.0,-759.8
0.72250,5.0,-760.2
0.72275,-14.0,-760.3
0.72300,-33.0,-759.8
0.72325,-52.0,-758.9
0.72350,-70.9,-757.5
0.72375,-89.9,-755.6
0.72400,-108.7,-753.2
0.72425,-127.6,-750.4
0.72450,-146.3,-747.1
0.72475,-165.0,-743.4
0.72500,-183.5,-739.1
0.72525,-202.0,-734.4
0.72550,-220.3,-729.3
0.72575,-238.5,-723.7
0.72600,-256.6,-717.6
0.72625,-274.5,-711.1
0.72650,-292.2,-704.1
0.72675,-309.8,-696.7
0.72700,-327.2,-688.9
0.72725,-344.3,-680.6
0.72750,-361.3,-671.9
0.72775,-378.0,-662.8
0.72800,-394.6,-653.2
0.72825,-410.8,-643.3
0.72850,-426.9,-632.9
0.72875,-442.6,-622.2
0.72900,-458.1,-611.0
0.72925,-473.3,-599.5
0.72950,-488.3,-587.5
0.72975,-502.9,-575.3
0.73000,-517.2,-562.6
0.73025,-531.2,-549.6
0.73050,-544.8,-536.2
0.73075,-558.2,-522.5
0.73100,-571.2,-508.5
0.73125,-583.8,-494.2
0.73150,-596.1,-479.5
0.73175,-608.0,-464.5
0.73200,-619.5,-449.2
0.73225,-630.6,-433.7
0.73250,-641.4,-417.9
0.73275,-651.8,-401.8
0.73300,-661.7,-385.4
0.73325,-671.2,-368.8
0.73350,-680.4,-352.0
0.73375,-689.1,-334.9
0.73400,-697.4,-317.7
0.73425,-705.2,-300.2
0.73450,-712.6,-282.5
0.73475,-719.6,-264.6
0.73500,-726.1,-246.6
0.73525,-732.1,-228.4
0.73550,-737.7,-210.1
0.73575,-742.9,-191.6
0.73600,-747.6,-173.0
0.73625,-751.8,-154.3
0.73650,-755.5,-135.5
0.73675,-758.8,-116.6
0.73700,-761.6,-97.6
0.73725,-764.0,-78.5
0.73750,-765.8,-59.4
0.73775,-767.2,-40.3
0.73800,-768.1,-21.1
0.73825,-768.5,-1.9
0.73850,-768.4,17.3
0.73875,-767.9,36.6
0.73900,-766.9,55.8
0.73925,-765.4,74.9
0.73950,-763.4,94.0
0.73975,-760.9,113.1
0.74000,-758.0,132.1
0.74025,-754.6,151.1
0.74050,-750.7,169.9
0.74075,-746.3,188.6
0.74100,-741.5,207.3
0.74125,-736.2,225.8
0.74150,-730.5,244.2
0.74175,-724.3,262.4
0.74200,-717.6,280.5
0.74225,-710.5,298.4
0.74250,-702.9,316.1
0.74275,-694.9,333.6
0.74300,-686.5,350.9
0.74325,-677.6,368.0
0.74350,-668.3,384.9
0.74375,-658.6,401.6
0.74400,-648.4,418.0
0.74425,-637.9,434.1
0.74450,-627.0,450.0
0.74475,-615.6,465.6
0.74500,-603.9,481.0
0.74525,-591.8,496.0
0.74550,-579.3,510.7
0.74575,-566.4,525.1
0.74600,-553.2,539.2
0.74625,-539.7,553.0
0.74650,-525.8,566.4
0.74675,-511.5,579.4
0.74700,-497.0,592.1
0.74725,-482.1,604.5
0.74750,-466.9,616.4
0.74775,-451.4,628.0
0.74800,-435.7,639.2
0.74825,-419.6,650.0
0.74850,-403.3,660.4
0.74875,-386.7,670.4
0.74900,-369.9,680.0
0.74925,-352.9,689.1
0.74950,-335.6,697.8
0.74975,-318.1,706.1
0.75000,-300.4,714.0
0.75025,-282.5,721.4
0.75050,-264.4,728.3
0.75075,-246.2,734.9
0.75100,-227.7,740.9
0.75125,-209.2,746.5
0.75150,-190.5,751.6
0.75175,-171.7,756.3
0.75200,-152.7,760.4
0.75225,-133.7,764.1
0.75250,-114.6,767.4
0.75275,-95.4,770.1
0.75300,-76.1,772.4
0.75325,-56.8,774.2
0.75350,-37.4,775.5
0.75375,-18.0,776.3
0.75400,1.4,776.7
0.75425,20.8,776.5
0.75450,40.2,775.9
0.75475,59.6,774.8
0.75500,79.0,773.2
0.75525,98.3,771.1
0.75550,117.5,768.5
0.75575,136.7,765.4
0.75600,155.9,761.9
0.75625,174.9,757.9
0.75650,193.8,753.4
0.75675,212.6,748.5
0.75700,231.3,743.0
0.75725,249.8,737.1
0.75750,268.2,730.8
0.75775,286.5,724.0
0.75800,304.5,716.7
0.75825,322.4,709.0
0.75850,340.1,700.8
0.75875,357.5,692.2
0.75900,374.8,683.2
0.75925,391.8,673.7
0.75950,408.6,663.8
0.75975,425.1,653.5
0.76000,441.4,642.8
0.76025,457.4,631.6
0.76050,473.1,620.1
0.76075,488.6,608.2
0.76100,503.7,595.9
0.76125,518.5,583.2
0.76150,533.0,570.1
0.76175,547.2,556.7
0.76200,561.1,543.0
0.76225,574.5,528.9
0.76250,587.7,514.4
0.76275,600.5,499.7
0.76300,612.9,484.6
0.76325,624.9,469.2
0.76350,636.5,453.5
0.76375,647.8,437.5
0.76400,658.6,421.2
0.76425,669.0,404.7
0.76450,679.1,387.9
0.76475,688.7,370.9
0.76500,697.8,353.6
0.76525,706.6,336.1
0.76550,714.9,318.4
0.76575,722.7,300.5
0.76600,730.1,282.4
0.76625,737.1,264.1
0.76650,743.6,245.6
0.76675,749.6,227.0
0.76700,755.2,208.2
0.76725,760.2,189.3
0.76750,764.9,170.3
0.76775,769.0,151.1
0.76800,772.7,131.9
0.76825,775.8,112.5
0.76850,778.5,93.1
0.76875,780.8,73.6
0.76900,782.5,54.1
0.76925,783.7,34.5
0.76950,784.5,14.9
0.76975,784.7,-4.7
0.77000,784.5,-24.3
0.77025,783.8,-43.9
0.77050,782.5,-63.5
0.77075,780.8,-83.1
0.77100,778.6,-102.6
0.77125,776.0,-122.0
0.77150,772.8,-141.4
0.77175,769.1,-160.7
0.77200,765.0,-179.9
0.77225,760.4,-199.0
0.77250,755.3,-218.0
0.77275,749.7,-236.8
0.77300,743.7,-255.6
0.77325,737.2,-274.1
0.77350,730.2,-292.5
0.77375,722.8,-310.7
0.77400,714.9,-328.7
0.77425,706.6,-346.6
0.77450,697.8,-364.2
0.77475,688.6,-381.6
0.77500,679.0,-398.7
0.77525,668.9,-415.6
0.77550,658.4,-432.3
0.77575,647.5,-448.7
0.77600,636.2,-464.8
0.77625,624.5,-480.7
0.77650,612.4,-496.2
0.77675,599.9,-511.4
0.77700,587.0,-526.3
0.77725,573.7,-540.9
0.77750,560.1,-555.2
0.77775,546.2,-569.1
0.77800,531.9,-582.7
0.77825,517.2,-595.9
0.77850,502.2,-608.7
0.77875,486.9,-621.2
0.77900,471.3,-633.3
0.77925,455.4,-645.0
0.77950,439.2,-656.3
0.77975,422.8,-667.1
0.78000,406.0,-677.6
0.78025,389.0,-687.7
0.78050,371.8,-697.3
0.78075,354.3,-706.5
0.78100,336.5,-715.2
0.78125,318.6,-723.5
0.78150,300.5,-731.4
0.78175,282.1,-738.8
0.78200,263.6,-745.7
0.78225,244.9,-752.2
0.78250,226.1,-758.2
0.78275,207.1,-763.7
0.78300,188.0,-768.8
0.78325,168.7,-773.4
0.78350,149.4,-777.5
0.78375,129.9,-781.1
0.78400,110.4,-784.2
0.78425,90.7,-786.9
0.78450,71.1,-789.0
0.78475,51.3,-790.7
0.78500,31.5,-791.8
0.78525,11.7,-792.5
0.78550,-8.1,-792.7
0.78575,-27.9,-792.4
0.78600,-47.7,-791.5
0.78625,-67.5,-790.2
0.78650,-87.2,-788.4
0.78675,-106.9,-786.1
0.78700,-126.6,-783.3
0.78725,-146.1,-780.0
0.78750,-165.6,-776.3
0.78775,-185.0,-772.0
0.78800,-204.3,-767.3
0.78825,-223.4,-762.0
0.78850,-242.4,-756.3
0.78875,-261.3,-750.1
0.78900,-280.0,-743.5
0.78925,-298.6,-736.4
0.78950,-316.9,-728.8
0.78975,-335.1,-720.8
0.79000,-353.1,-712.3
0.79025,-370.8,-703.3
0.79050,-388.3,-694.0
0.79075,-405.6,-684.2
0.79100,-422.7,-673.9
0.79125,-439.5,-663.2
0.79150,-456.0,-652.1
0.79175,-472.2,-640.6
0.79200,-488.2,-628.7
0.79225,-503.8,-616.4
0.79250,-519.1,-603.7
0.79275,-534.1,-590.7
0.79300,-548.8,-577.2
0.79325,-563.2,-563.4
0.79350,-577.2,-549.2
0.79375,-590.8,-534.7
0.79400,-604.1,-519.9
0.79425,-617.0,-504.7
0.79450,-629.5,-489.2
0.79475,-641.7,-473.4
0.79500,-653.4,-457.3
0.79525,-664.7,-440.9
0.79550,-675.6,-424.2
0.79575,-686.1,-407.2
0.79600,-696.2,-390.0
0.79625,-705.9,-372.5
0.79650,-715.1,-354.8
0.79675,-723.8,-336.9
0.79700,-732.1,-318.7
0.79725,-740.0,-300.4
0.79750,-747.4,-281.8
0.79775,-754.3,-263.1
0.79800,-760.8,-244.2
0.79825,-766.8,-225.1
0.79850,-772.3,-205.9
0.79875,-777.3,-186.6
0.79900,-781.8,-167.1
0.79925,-785.9,-147.6
0.79950,-789.5,-127.9
0.79975,-792.5,-108.1
0.80000,-795.1,-88.3
0.80025,-797.2,-68.4
0.80050,-798.8,-48.5
0.80075,-799.9,-28.5
0.80100,-800.5,-8.5
0.80125,-800.5,0.0
0.80150,-800.1,0.0
0.80175,-799.2,0.0
0.80200,-797.8,0.0
0.80225,-795.9,0.0
0.80250,-793.5,0.0
0.80275,-790.6,0.0
0.80300,-787.2,0.0
0.80325,-783.3,0.0
0.80350,-778.9,0.0
0.80375,-774.0,0.0
0.80400,-768.6,0.0
0.80425,-762.8,0.0
0.80450,-756.5,0.0
0.80475,-749.7,0.0
0.80500,-742.4,0.0
0.80525,-734.7,0.0
0.80550,-726.5,0.0
0.80575,-717.8,0.0
0.80600,-708.7,0.0
0.80625,-699.2,0.0
0.80650,-689.2,0.0
0.80675,-678.8,0.0
0.80700,-667.9,0.0
0.80725,-656.7,0.0
0.80750,-645.0,0.0
0.80775,-632.9,0.0
0.80800,-620.4,0.0
0.80825,-607.5,0.0
0.80850,-594.2,0.0
0.80875,-580.6,0.0
0.80900,-566.6,0.0
0.80925,-552.2,0.0
0.80950,-537.5,0.0
0.80975,-522.4,0.0
0.81000,-507.1,0.0
0.81025,-491.3,0.0
0.81050,-475.3,0.0
0.81075,-459.0,0.0
0.81100,-442.4,0.0
0.81125,-425.5,0.0
0.81150,-408.3,0.0
0.81175,-390.9,0.0
0.81200,-373.2,0.0
0.81225,-355.3,0.0
0.81250,-337.1,0.0
0.81275,-318.8,0.0
0.81300,-300.2,0.0
0.81325,-281.4,0.0
0.81350,-262.5,0.0
0.81375,-243.4,0.0
0.81400,-224.1,0.0
0.81425,-204.7,0.0
0.81450,-185.1,0.0
0.81475,-165.5,0.0
0.81500,-145.7,0.0
0.81525,-125.8,0.0
0.81550,-105.8,0.0
0.81575,-85.8,0.0
0.81600,-65.7,0.0
0.81625,-45.6,0.0
0.81650,-25.4,0.0
0.81675,-5.2,0.0
0.81700,0.0,0.0
